"Distance","mean","sd","max_val","max_att","min_val","min_att","attributes","class_values"
"0.40984064395433245","2.3089613743906053E-4","0.00138655671013867","0.02289475","x1=v1_x2=v5_x4=v4_x5=v2_class=class2","0.0","x1=v5_x2=v1_x4=v5_x5=v2_class=class3","x1_x2_x4_x5_class","*"
"0.4173064880820777","2.1780088104492574E-4","0.001163949866914597","0.01550025","x1=v1_x3=v1_x4=v4_x5=v2_class=class2","0.0","x1=v4_x3=v4_x4=v5_x5=v1_class=class2","x1_x3_x4_x5_class","*"
"0.4189430234741529","1.7676920821694213E-4","6.231031062095304E-4","0.008613512229700165","x2=v5_x3=v1_x4=v4_x5=v2_class=class1","0.0","x2=v5_x3=v4_x4=v2_x5=v1_class=class4","x2_x3_x4_x5_class","*"
"0.461058762874791","3.0778288576421294E-4","0.0010745703793081866","0.009264749999999999","x1=v1_x2=v5_x3=v5_x4=v1_class=class1","0.0","x1=v4_x2=v4_x3=v1_x4=v1_class=class2","x1_x2_x3_x4_class","*"
"0.47837606893242207","2.99546693132387E-4","0.0015303859799071383","0.017268","x1=v1_x2=v5_x3=v3_x5=v2_class=class1","0.0","x1=v5_x2=v1_x3=v5_x5=v2_class=class3","x1_x2_x3_x5_class","*"
