"Distance","mean","sd","max_val","max_att","min_val","min_att","attributes","class_values"
"0.02033054099999995","7.276499999999981E-6","1.2318240003620134E-5","1.565000000000004E-4","x1=v1_x2=v4_x3=v3_x4=v1_x5=v2","0.0","x1=v3_x2=v1_x3=v5_x4=v2_x5=v3","x1_x2_x3_x4_x5","NA"
"0.4254312179999983","2.663939999999989E-4","0.0013082077328300094","0.016466","x1=v1_x2=v5_x3=v1_x5=v2_class=class2","0.0","x1=v4_x2=v2_x3=v5_x5=v5_class=class4","x1_x2_x3_x5_class","NA"
"0.4513522799999985","1.9044399999999936E-4","7.682159632096499E-4","0.008626","x2=v5_x3=v1_x4=v4_x5=v2_class=class1","0.0","x2=v1_x3=v5_x4=v2_x5=v3_class=class5","x2_x3_x4_x5_class","NA"
"0.46749537799999763","2.4399549999999879E-4","0.001328625834777642","0.0155645","x1=v1_x3=v1_x4=v4_x5=v2_class=class2","0.0","x1=v2_x3=v2_x4=v2_x5=v4_class=class2","x1_x3_x4_x5_class","NA"
"0.47533434999999785","2.677939999999988E-4","0.001644285758686799","0.022911","x1=v1_x2=v5_x4=v4_x5=v2_class=class2","0.0","x1=v5_x2=v2_x4=v5_x5=v3_class=class2","x1_x2_x4_x5_class","NA"
"0.48593771799999913","3.2439099999999945E-4","0.0011810621289209849","0.012577999999999999","x1=v1_x2=v5_x3=v1_x4=v4_class=class1","0.0","x1=v5_x2=v3_x3=v5_x4=v2_class=class2","x1_x2_x3_x4_class","NA"
