"Distance","mean","sd","max_val","max_att","min_val","min_att","attributes","class_values"
"0.42623187608954116","1.6721532996843513E-4","2.2743484511915046E-4","0.002095840137269533","x2=v2_x3=v1_x4=v1_x5=v1_class=class3","4.311950855695112E-8","x2=v1_x3=v2_x4=v2_x5=v1_class=class1","x2_x3_x4_x5_class","*"
"0.5246711852022699","2.3339465533908798E-4","4.3393735820336185E-4","0.0054925","x1=v1_x3=v1_x4=v1_x5=v1_class=class3","7.845677472178177E-7","x1=v5_x3=v2_x4=v1_x5=v4_class=class3","x1_x3_x4_x5_class","*"
"0.526980057510177","3.1145393469868613E-4","8.645703831344614E-4","0.011628","x1=v2_x2=v2_x3=v1_x5=v1_class=class2","0.0","x1=v4_x2=v1_x3=v4_x5=v1_class=class5","x1_x2_x3_x5_class","*"
"0.5403627315793467","2.814389226975764E-4","4.56315000924954E-4","0.0047865","x1=v1_x2=v2_x4=v1_x5=v1_class=class2","0.0","x1=v4_x2=v1_x4=v5_x5=v5_class=class5","x1_x2_x4_x5_class","*"
"0.5520583370112684","3.5252767369812793E-4","5.020838750966595E-4","0.0041415","x1=v1_x2=v2_x3=v1_x4=v1_class=class2","0.0","x1=v5_x2=v1_x3=v5_x4=v5_class=class5","x1_x2_x3_x4_class","*"
