"Distance","mean","sd","max_val","max_att","min_val","min_att","attributes","class_values"
"4.0999999999999717E-4","8.199999999999943E-5","6.729784543355453E-5","1.604999999999801E-4","x2=v4","2.500000000016378E-6","x2=v5","x2","NA"
"8.709999999999898E-4","1.7419999999999797E-4","1.040556341578842E-4","2.889999999999837E-4","x4=v3","2.7499999999999747E-5","x4=v5","x4","NA"
"8.970000000000089E-4","1.7940000000000179E-4","1.677108374554244E-4","3.7550000000000083E-4","x3=v4","3.200000000000425E-5","x3=v5","x3","NA"
"0.0010590000000000061","2.1180000000000122E-4","2.04029287113397E-4","5.170000000000036E-4","x5=v4","1.2500000000000358E-5","x5=v1","x5","NA"
"0.0013739999999999794","2.747999999999959E-4","1.228930429275777E-4","4.270000000000003E-4","x1=v2","1.5199999999999936E-4","x1=v5","x1","NA"
"0.402614","0.0805228","0.10416056156458645","0.19525150000000002","class=class1","0.003076499999999996","class=class5","class","NA"
