"Distance","mean","sd","max_val","max_att","min_val","min_att","attributes","class_values"
"0.4362140159999993","3.170159999999995E-4","5.897799603628841E-4","0.011704","x1=v2_x2=v2_x3=v3_x5=v1_class=class1","9.9999999999997E-7","x1=v3_x2=v4_x3=v3_x5=v2_class=class1","x1_x2_x3_x5_class","NA"
"0.4410588560000004","2.523220000000002E-4","4.153193650565683E-4","0.0057395","x1=v1_x3=v3_x4=v3_x5=v1_class=class5","0.0","x1=v3_x3=v5_x4=v3_x5=v2_class=class3","x1_x3_x4_x5_class","NA"
"0.46110723749999954","2.927664999999997E-4","4.82233592738743E-4","0.0068615","x1=v2_x2=v2_x4=v3_x5=v1_class=class1","4.999999999999986E-7","x1=v4_x2=v4_x4=v3_x5=v3_class=class1","x1_x2_x4_x5_class","NA"
"0.4618758255000005","2.4872150000000026E-4","3.7403957382948176E-4","0.005830999999999999","x2=v2_x3=v3_x4=v5_x5=v1_class=class1","1.4999999999999823E-6","x2=v3_x3=v3_x4=v5_x5=v3_class=class2","x2_x3_x4_x5_class","NA"
"0.4640579999999999","3.8099999999999994E-4","5.90873455945468E-4","0.009551","x1=v2_x2=v2_x3=v3_x4=v3_class=class1","9.9999999999997E-7","x1=v2_x2=v4_x3=v2_x4=v5_class=class5","x1_x2_x3_x4_class","NA"
"0.4889781250000001","1.5647300000000002E-4","2.664824603471542E-4","0.0033499999999999997","x1=v1_x2=v2_x3=v3_x4=v3_x5=v1","4.999999999999986E-7","x1=v4_x2=v4_x3=v2_x4=v3_x5=v3","x1_x2_x3_x4_x5","NA"
