"Distance","mean","sd","max_val","max_att","min_val","min_att","attributes","class_values"
"0.43877512193076523","0.0014475055568849988","0.0020796986622512365","0.017462074425027327","x1=v2_x2=v2_x3=v3_x4=v3_x5=v2_class=class1","4.70268652646448E-5","x1=v4_x2=v4_x3=v3_x4=v3_x5=v4_class=class1","x1_x2_x3_x4_x5_class","class1"
"0.43908528692637433","9.430019584995958E-4","9.070477747201932E-4","0.006262610497860145","x1=v4_x2=v2_x3=v5_x4=v5_x5=v1_class=class2","5.793288216998909E-6","x1=v4_x2=v2_x3=v4_x4=v1_x5=v3_class=class2","x1_x2_x3_x4_x5_class","class2"
"0.4423913066844661","0.0010644001363836779","0.0014411138065231251","0.010059861357293335","x1=v4_x2=v2_x3=v4_x4=v5_x5=v5_class=class3","1.980795065324812E-5","x1=v3_x2=v2_x3=v2_x4=v1_x5=v4_class=class3","x1_x2_x3_x4_x5_class","class3"
"0.49053720176783194","7.732606136241686E-4","0.0013362971260835997","0.014171268510972408","x1=v2_x2=v4_x3=v3_x4=v3_x5=v1_class=class4","4.6644371751159135E-6","x1=v4_x2=v3_x3=v3_x4=v1_x5=v4_class=class4","x1_x2_x3_x4_x5_class","class4"
"0.4295606563809491","3.288502632581428E-4","5.01609479302238E-4","0.005755959260492885","x1=v4_x2=v2_x3=v4_x4=v2_x5=v3_class=class5","3.0549838166704386E-6","x1=v1_x2=v5_x3=v3_x4=v2_x5=v2_class=class5","x1_x2_x3_x4_x5_class","class5"
