"Distance","mean","sd","max_val","max_att","min_val","min_att","attributes","class_values"
"0.6498154733359384","8.591806025702592E-4","0.0010696879082451117","0.010717243928600226","x1=v3_x2=v4_x3=v1_x4=v1_x5=v1_class=class1","2.5536391912113952E-6","x1=v3_x2=v1_x3=v3_x4=v3_x5=v3_class=class1","x1_x2_x3_x4_x5_class","class1"
"0.8004406422599379","6.117331883253378E-4","8.472033876594845E-4","0.007411910334769675","x1=v1_x2=v2_x3=v1_x4=v5_x5=v1_class=class2","1.3784471517146504E-6","x1=v1_x2=v5_x3=v1_x4=v2_x5=v5_class=class2","x1_x2_x3_x4_x5_class","class2"
"0.7670066536139915","6.482476788488772E-4","0.0011965322700820693","0.010545628343688811","x1=v3_x2=v2_x3=v1_x4=v3_x5=v4_class=class3","3.854396324447665E-6","x1=v2_x2=v2_x3=v3_x4=v2_x5=v3_class=class3","x1_x2_x3_x4_x5_class","class3"
"0.6169133026224116","0.0011172727155578305","0.0014653454459333365","0.013978066282888484","x1=v4_x2=v3_x3=v3_x4=v3_x5=v1_class=class4","1.6470258830117515E-5","x1=v2_x2=v3_x3=v4_x4=v2_x5=v4_class=class4","x1_x2_x3_x4_x5_class","class4"
"0.5718287878211973","6.808782480248587E-4","9.124010055147076E-4","0.005550960336841051","x1=v5_x2=v3_x3=v1_x4=v5_x5=v1_class=class5","2.6271404626919783E-6","x1=v2_x2=v4_x3=v3_x4=v5_x5=v1_class=class5","x1_x2_x3_x4_x5_class","class5"
