"Distance","mean","sd","max_val","max_att","min_val","min_att","attributes","class_values"
"0.44964843749999983","1.4388749999999994E-4","2.513111903759124E-4","0.004227","x1=v1_x2=v2_x3=v1_x4=v3_x5=v1","4.999999999999986E-7","x1=v1_x2=v4_x3=v2_x4=v4_x5=v4","x1_x2_x3_x4_x5","NA"
"0.5958223774999999","2.3374749999999995E-4","4.677175897242779E-4","0.0072535","x2=v2_x3=v1_x4=v3_x5=v1_class=class1","0.0","x2=v4_x3=v1_x4=v3_x5=v5_class=class5","x2_x3_x4_x5_class","NA"
"0.6274953600000004","3.2682050000000024E-4","5.8047660169456E-4","0.0081625","x1=v1_x2=v2_x4=v1_x5=v1_class=class2","4.999999999999986E-7","x1=v5_x2=v5_x4=v1_x5=v5_class=class4","x1_x2_x4_x5_class","NA"
"0.6437614590000006","4.1108650000000035E-4","5.616826324957877E-4","0.007195","x1=v1_x2=v2_x3=v1_x4=v1_class=class2","5.0E-7","x1=v2_x2=v3_x3=v4_x4=v5_class=class1","x1_x2_x3_x4_class","NA"
"0.6749102959999996","3.002269999999998E-4","5.845976782509628E-4","0.009321","x1=v1_x3=v1_x4=v1_x5=v1_class=class2","4.99999999999985E-7","x1=v4_x3=v1_x4=v1_x5=v2_class=class5","x1_x3_x4_x5_class","NA"
"0.7741754459999995","4.5755049999999977E-4","0.00118715195213469","0.0213445","x1=v2_x2=v2_x3=v1_x5=v1_class=class1","4.999999999999986E-7","x1=v5_x2=v5_x3=v3_x5=v5_class=class4","x1_x2_x3_x5_class","NA"
