"Distance","mean","sd","max_val","max_att","min_val","min_att","attributes","class_values"
"0.056302250506839104","0.002559193204856323","0.0025902771178419495","0.010433820685780257","x2=v2_class=class1","2.531502334537276E-4","x2=v4_class=class2","x2_class","*"
"0.07864578838336891","0.0031458315353347565","0.0032559528992016223","0.010157971610667126","x4=v3_class=class1","8.486874403561012E-5","x4=v4_class=class1","x4_class","*"
"0.101526345926607","0.004230264413608625","0.003963629428741215","0.015565221869982283","x3=v3_class=class4","5.64462566387998E-4","x3=v4_class=class3","x3_class","*"
"0.10847993276677298","0.004339197310670919","0.0028763231728961285","0.009656380363845094","x5=v1_class=class1","6.190948157515616E-5","x5=v3_class=class1","x5_class","*"
"0.11166787695056164","0.005317517950026745","0.004997334706234511","0.01885621012882339","x1=v2_class=class4","0.0","x1=v1_class=class5","x1_class","*"
