"Distance","mean","sd","max_val","max_att","min_val","min_att","attributes","class_values"
"0.11078344307431734","8.051122316447482E-5","1.3771265749557379E-4","0.0020288186953369377","x1=v2_x2=v2_x3=v3_x5=v1_class=class1","0.0","x1=v3_x2=v1_x3=v1_x5=v5_class=class4","x1_x2_x3_x5_class","*"
"0.11736580165030903","9.635944306265109E-5","1.3431260908759447E-4","9.351743873056988E-4","x1=v4_x2=v2_x3=v4_x4=v3_class=class4","0.0","x1=v3_x2=v1_x3=v3_x4=v5_class=class4","x1_x2_x3_x4_class","*"
"0.1565063521450595","9.936911247305366E-5","1.4218906549103805E-4","0.0021366114752143102","x1=v2_x2=v2_x4=v3_x5=v1_class=class1","0.0","x1=v4_x2=v1_x4=v5_x5=v3_class=class5","x1_x2_x4_x5_class","*"
"0.17973439277203815","9.678750283900815E-5","1.1166242354639734E-4","8.901482738096781E-4","x2=v2_x3=v4_x4=v3_x5=v3_class=class1","4.242309631870944E-8","x2=v3_x3=v2_x4=v4_x5=v5_class=class2","x2_x3_x4_x5_class","*"
"0.19432218630947043","1.1116829880404487E-4","1.454216140800065E-4","0.001316509151017765","x1=v2_x3=v3_x4=v2_x5=v1_class=class2","0.0","x1=v1_x3=v1_x4=v3_x5=v1_class=class5","x1_x3_x4_x5_class","*"
