"Distance","mean","sd","max_val","max_att","min_val","min_att","attributes","class_values"
"1.0580100297060238","8.532221975231177E-4","0.0027092904556304865","0.03131536097486559","x1=v4_x2=v5_x3=v4_x4=v4_x5=v5_class=class1","1.0491616149534907E-6","x1=v2_x2=v4_x3=v1_x4=v1_x5=v5_class=class1","x1_x2_x3_x4_x5_class","class1"
"0.753076915123805","5.791954812936699E-4","0.0014517151521807633","0.011610507335032355","x1=v1_x2=v5_x3=v3_x4=v3_x5=v2_class=class2","6.654315614055641E-7","x1=v5_x2=v3_x3=v4_x4=v2_x5=v3_class=class2","x1_x2_x3_x4_x5_class","class2"
"0.11562994072766508","1.9871613931904945E-4","6.512943327022317E-4","0.006781975746482096","x1=v2_x2=v4_x3=v3_x4=v3_x5=v4_class=class3","2.0259041858802567E-7","x1=v4_x2=v4_x3=v2_x4=v5_x5=v2_class=class3","x1_x2_x3_x4_x5_class","class3"
"0.12861383483472852","3.3384685925618953E-4","6.66140496287282E-4","0.004618576244511808","x1=v2_x2=v5_x3=v1_x4=v1_x5=v3_class=class4","2.2071349904474508E-6","x1=v4_x2=v2_x3=v4_x4=v5_x5=v4_class=class4","x1_x2_x3_x4_x5_class","class4"
"0.11867835590152859","2.3471012048447424E-4","5.035299533532558E-4","0.003582162577759139","x1=v2_x2=v5_x3=v5_x4=v4_x5=v4_class=class5","1.5705471084548413E-7","x1=v5_x2=v3_x3=v5_x4=v5_x5=v2_class=class5","x1_x2_x3_x4_x5_class","class5"
