"points","all_attributes","band7","band5","band6","brightness","band3","NDWI","band4","NDVI","band1","band2"
"1991977","0.20999840861616106","0.027041476884522256","0.03526797749170798","0.027713673400847502","0.013742126540617685","0.029744319337020448","0.03138490052846994","0.03697231443937353","0.04461949108850151","0.013684394950343307","0.021697539680428046"
"3983954","0.24327590127797172","0.02598423576175829","0.05845900831184297","0.026681030955678704","0.024519359410274312","0.02585923431846854","0.032854295004410214","0.040819246406961524","0.04550152938512845","0.018616178801261263","0.024526889617701414"
"5975931","0.2321141258157053","0.04072637384869403","0.06305594893916948","0.0417690565704323","0.03614850974684948","0.03323883759702045","0.06737828800232132","0.0498680456651859","0.0775259955310729","0.0285254297614882","0.03521225395674749"
