"Distance","mean","sd","max_val","max_att","min_val","min_att","attributes","class_values"
"0.013726820694795153","0.0027453641389590306","0.0","0.004731340682484764","Flight='(566.5-1306.5]'","4.060202231442739E-4","Flight='(1306.5-2431.5]'","Flight","NA"
"0.021101927761771798","0.0011723293200984338","3.059764607266774E-18","0.0026585981734651883","Airline=B6","0.0","Airline=HA","Airline","NA"
"0.021276201282208168","0.004255240256441635","0.0","0.008072201148722064","Length='(174.5-inf)'","2.7068014876284463E-4","Length='(100.5-130.5]'","Length","NA"
"0.02497302468380479","8.52321661563301E-5","1.0148091149113037E-17","0.001672284206740305","AirportTo=ATL","0.0","AirportTo=SPI","AirportTo","NA"
"0.025076847206617948","8.558650923760357E-5","1.4258071582120596E-17","0.0014776169764656594","AirportFrom=IAH","0.0","AirportFrom=ACY","AirportFrom","NA"
"0.03110226147702371","0.006220452295404739","7.314236392868128E-18","0.009725945619245724","Time='(1079.5-inf)'","0.0036782836653800055","Time='(-inf-519.5]'","Time","NA"
"0.07079212876959186","0.01011316125279884","1.2239058429067097E-17","0.02909996996562733","DayOfWeek=3","0.0017408812307418559","DayOfWeek=1","DayOfWeek","NA"
