"Distance","mean","sd","max_val","max_att","min_val","min_att","attributes","class_values"
"0.023059869210405176","0.10956231077081813","0.0","0.10956231077081816","DayOfWeek=2","0.10956231077081813","DayOfWeek=2","DayOfWeek","*"
"0.10016595381059326","0.09523809523809527","0.0","0.09523809523809526","AirportTo=BRO","0.09523809523809523","AirportTo=BRO","AirportTo","*"
"0.11743917876130021","0.06592256265288944","0.0","0.06592256265288948","Time='(519.5-700.5]'","0.06592256265288943","Time='(519.5-700.5]'","Time","*"
"0.13443378504966583","0.09850798844461425","2.925694557147251E-17","0.09850798844461423","Airline=WN","0.09850798844461423","Airline=WN","Airline","*"
"0.14743888376698602","0.06771911469168299","2.925694557147251E-17","0.06771911469168301","Length='(130.5-174.5]'","0.06771911469168299","Length='(130.5-174.5]'","Length","*"
"0.15824026505369246","0.05346057769445691","0.0","0.053460577694456946","Flight='(4272.5-inf)'","0.05346057769445689","Flight='(4272.5-inf)'","Flight","*"
"0.16058741702687818","0.025668503776280854","0.0","0.025668503776280882","AirportFrom=SHV","0.025668503776280827","AirportFrom=SHV","AirportFrom","*"
