"Distance","mean","sd","max_val","max_att","min_val","min_att","attributes","class_values"
"0.135547719427048","0.0035881599476602637","0.0","0.008140798172723597","Airline=MQ","5.450682447690133E-4","Airline=B6","Airline","NA"
"0.13554771942704802","0.014672347241843449","0.0","0.01792421697424089","Flight='(566.5-1306.5]'","0.01180239607550864","Flight='(2431.5-4272.5]'","Flight","NA"
"0.13554771942704802","0.012541019166379294","0.0","0.016559692388696694","Time='(700.5-890.5]'","0.010512030434830975","Time='(519.5-700.5]'","Time","NA"
"0.13554771942704802","0.013974882365373696","0.0","0.017084366923627414","Length='(-inf-75.5]'","0.010004041662495224","Length='(174.5-inf)'","Length","NA"
"0.13859936000830597","2.3029769260770548E-4","0.0","0.0037153631378132757","AirportTo=RKS","0.0","AirportTo=TWF","AirportTo","NA"
"0.13938544482389117","2.798044831056367E-4","2.925694557147251E-17","0.004006436996414415","AirportFrom=OME","0.0","AirportFrom=PSC","AirportFrom","NA"
"0.14176594695410677","0.009611528961451649","2.925694557147251E-17","0.02965986999936965","DayOfWeek=4","5.599000337423166E-4","DayOfWeek=5","DayOfWeek","NA"
