"Distance","mean","sd","max_val","max_att","min_val","min_att","attributes","class_values"
"0.023878884180790958","0.003266242937853109","3.657118196434064E-18","0.007746292372881358","nswdemand='(-inf-0.276331]'","3.9724576271186335E-4","nswdemand='(0.397128-0.481627]'","nswdemand","NA"
"0.03094103107344633","0.002878455407586762","0.0","0.004921433615819211","day=1","1.3241525423728778E-4","day=2","day","NA"
"0.040872175141242924","0.003932733050847464","7.314236392868128E-18","0.004126942090395477","period='(0.414894-0.606383]'","0.00366348870056497","period='(-inf-0.202128]'","period","NA"
"0.42725988700564976","0.052648305084745724","5.851389114294502E-17","0.14097810734463279","nswprice='(0.077804-inf)'","0.007724223163841808","nswprice='(0.043518-0.056848]'","nswprice","NA"
"0.7673022598870055","0.04737817796610171","1.1702778228589004E-16","0.05852754237288135","transfer='(0.415131-0.551974]'","0.03729696327683616","transfer='(0.414693-0.415131]'","transfer","NA"
"0.7690236581920906","0.11804378531073434","1.1702778228589004E-16","0.21656514830508475","vicprice='(0.003468-inf)'","0.037782485875706213","vicprice='(-inf-0.002058]'","vicprice","NA"
"0.7691119350282485","0.07651394774011305","1.1702778228589004E-16","0.1679246115819209","vicdemand='(0.540782-inf)'","0.029638947740112997","vicdemand='(0.422876-0.423006]'","vicdemand","NA"
"0.8011122881355932","0.08032750706214681","0.0","0.11513506355932203","date='(0.026746-0.442967]'","0.0012138064971751392","date='(0.889275-inf)'","date","NA"
