"points","all_attributes","Rcdminutes_Temperature_Humidity_Light","Rcdminutes_Temperature_Humidity_Voltage","Rcdminutes_Temperature_Light_Voltage","Rcdminutes_Humidity_Light_Voltage","Temperature_Humidity_Light_Voltage"
"500000","0.7130839999999977","0.5781819999999998","0.6555860000000003","0.6202099999999998","0.5646680000000003","0.6806739999999998"
"1000000","0.7807359999999992","0.3130419999999999","0.7541439999999995","0.7282220000000003","0.7477579999999988","0.7590440000000005"
"1500000","0.8142979999999999","0.5441819999999996","0.7996","0.7389339999999998","0.7397159999999997","0.7868180000000001"
