"points","all_attributes","Rcdminutes_Temperature_Humidity_Light","Rcdminutes_Temperature_Humidity_Voltage","Rcdminutes_Temperature_Light_Voltage","Rcdminutes_Humidity_Light_Voltage","Temperature_Humidity_Light_Voltage"
"500000","0.8397339999999878","0.7132419999999914","0.775175999999999","0.7552139999999977","0.7478559999999955","0.8085019999999925"
"1000000","0.9271379999999855","0.5704939999999944","0.9049479999999991","0.8794779999999937","0.9042659999999985","0.9073539999999903"
"1500000","0.9373939999999903","0.7234019999999931","0.9179779999999963","0.8790239999999966","0.8889319999999962","0.9137919999999964"
