"points","all_attributes","Rcdminutes_Temperature_Humidity_Light","Rcdminutes_Temperature_Humidity_Voltage","Rcdminutes_Temperature_Light_Voltage","Rcdminutes_Humidity_Light_Voltage","Temperature_Humidity_Light_Voltage"
"500000","0.837927442726609","0.7114405264486701","0.7729265003256809","0.7524924329220335","0.7445136768942148","0.8061516757392967"
"1000000","0.9260886113878156","0.5673089060343707","0.9035937251375851","0.8789705310871765","0.902755627146844","0.9055074006410573"
"1500000","0.9312155305781702","0.7151042524369975","0.9112664946684363","0.8708241854702982","0.8812826472627139","0.9063728334491704"
