"points","all_attributes","Rcdminutes_Temperature_Humidity_Light","Rcdminutes_Temperature_Humidity_Voltage","Rcdminutes_Temperature_Light_Voltage","Rcdminutes_Humidity_Light_Voltage","Temperature_Humidity_Light_Voltage"
"500000","0.6538985184998751","0.5753422516738892","0.630433006306891","0.6233282068242858","0.6634167259657348","0.6808364961598695"
"1000000","0.7336910970093216","0.5162689323760976","0.7823699811627941","0.7349877414259839","0.7694896358170894","0.7838845971863629"
"1500000","0.7363712719856885","0.5997743330765141","0.7659922541097254","0.7510555294059467","0.741458765295384","0.7607372463416282"
