"points","all_attributes","Rcdminutes_Temperature_Humidity","Rcdminutes_Temperature_Light","Rcdminutes_Temperature_Voltage","Rcdminutes_Humidity_Light","Rcdminutes_Humidity_Voltage","Rcdminutes_Light_Voltage","Temperature_Humidity_Light","Temperature_Humidity_Voltage","Temperature_Light_Voltage","Humidity_Light_Voltage"
"500000","0.6538985184998751","0.471547667307608","0.39841865616028604","0.5661414684736323","0.41984821872768485","0.5719206780058956","0.5253297106637735","0.49133705564214036","0.6344528117657573","0.6191770441035865","0.6083099220324644"
"1000000","0.7336910970093216","0.37858891128835326","0.34415926009174186","0.7562511692242164","0.4077238788987327","0.7842505434291577","0.7232779819784232","0.4494500181413638","0.7690414842476215","0.7468277590697249","0.8055862749334254"
"1500000","0.7363712719856885","0.535873385430516","0.4894857973274455","0.759267357244808","0.5045601990489679","0.7694913278333151","0.7069130796848972","0.5588050395253017","0.7449526773750164","0.751272577119775","0.7676586382269612"
