"Distance","mean","sd","max_val","max_att","min_val","min_att","attributes","class_values"
"0.13265419154257282","0.013265419154257283","0.0012532604543514007","0.015271612113092534","Time='(1079.5-inf)'_Delay=0","0.011689224316269215","Time='(-inf-519.5]'_Delay=0","Time_Delay","*"
"0.13463090516905982","0.013463090516905982","7.488568129772679E-4","0.014828024829942279","Length='(-inf-75.5]'_Delay=1","0.012741352966280225","Length='(75.5-100.5]'_Delay=0","Length_Delay","*"
"0.13531851796055774","2.3131370591548332E-4","5.118061313739753E-4","0.0036234366230508664","AirportTo=DEN_Delay=1","0.0","AirportTo=CIC_Delay=1","AirportTo_Delay","*"
"0.13575712984194888","0.013575712984194887","0.0017335571333458092","0.0158100326000423","Flight='(-inf-566.5]'_Delay=0","0.010695544900620595","Flight='(4272.5-inf)'_Delay=1","Flight_Delay","*"
"0.13637142282206888","0.003788095078390802","0.0038862568359514394","0.01718504916491997","Airline=WN_Delay=1","1.7581294438235383E-4","Airline=OH_Delay=1","Airline_Delay","*"
"0.1364320381207603","2.3281917768047832E-4","5.683437253856126E-4","0.00397560228247111","AirportFrom=DEN_Delay=0","0.0","AirportFrom=PLN_Delay=0","AirportFrom_Delay","*"
"0.14008885000105173","0.010006346428646552","0.00513454510424534","0.015189539200195792","DayOfWeek=4_Delay=0","0.0015555243061243908","DayOfWeek=1_Delay=0","DayOfWeek_Delay","*"
