"Distance","mean","sd","max_val","max_att","min_val","min_att","attributes","class_values"
"0.019004788000000026","6.802000000000009E-6","1.1381514562987443E-5","8.149999999999998E-5","x1=v1_x2=v5_x3=v5_x4=v1_x5=v2","0.0","x1=v2_x2=v1_x3=v4_x4=v5_x5=v4","x1_x2_x3_x4_x5","NA"
"0.38420407500000053","2.1645300000000032E-4","0.0013712281533676948","0.0228785","x1=v1_x2=v5_x4=v4_x5=v2_class=class1","0.0","x1=v4_x2=v4_x4=v1_x5=v1_class=class5","x1_x2_x4_x5_class","NA"
"0.48767839399999996","3.2555299999999996E-4","0.0012307652716903416","0.012554","x1=v1_x2=v5_x3=v1_x4=v4_class=class2","0.0","x1=v5_x2=v2_x3=v3_x4=v3_class=class3","x1_x2_x3_x4_class","NA"
"0.48840756000000046","2.5491000000000023E-4","0.0013701719626800976","0.015436","x1=v1_x3=v1_x4=v4_x5=v2_class=class1","0.0","x1=v5_x3=v5_x4=v5_x5=v5_class=class4","x1_x3_x4_x5_class","NA"
"0.5065566900000009","2.137370000000004E-4","7.685576465321807E-4","0.0085625","x2=v5_x3=v1_x4=v4_x5=v2_class=class2","0.0","x2=v4_x3=v3_x4=v1_x5=v5_class=class5","x2_x3_x4_x5_class","NA"
"0.5066594289999994","3.172569999999996E-4","0.0015589109953534454","0.0173045","x1=v1_x2=v5_x3=v3_x5=v2_class=class2","0.0","x1=v3_x2=v5_x3=v5_x5=v1_class=class4","x1_x2_x3_x5_class","NA"
