"Distance","mean","sd","max_val","max_att","min_val","min_att","attributes","class_values"
"0.4034632355455095","0.01613852942182038","0.02386383542227029","0.05916875490097006","x4=v3_class=class1","3.2140219658848525E-5","x4=v2_class=class5","x4_class","*"
"0.4045375939487276","0.016181503757949106","0.03812893506690585","0.13927700743411328","x5=v2_class=class2","1.818650162222574E-5","x5=v5_class=class5","x5_class","*"
"0.4066805481485022","0.018485479461295553","0.05619842460553236","0.19203099957541137","x1=v1_class=class1","1.2863613665207009E-5","x1=v5_class=class1","x1_class","*"
"0.4068683549525311","0.016274734198101243","0.019258831356690116","0.04763630600432717","x3=v1_class=class2","1.2177235369171025E-4","x3=v1_class=class3","x3_class","*"
"0.4110722947584461","0.01712801228160192","0.031731706633247744","0.107836148444549","x2=v5_class=class1","5.064036580482382E-5","x2=v1_class=class3","x2_class","*"
