"Distance","mean","sd","max_val","max_att","min_val","min_att","attributes","class_values"
"0.10569346753593685","7.681211303483783E-5","1.1228806652943362E-4","0.0011311277986376651","x1=v2_x2=v2_x3=v3_x5=v2_class=class5","0.0","x1=v2_x2=v1_x3=v3_x5=v4_class=class4","x1_x2_x3_x5_class","*"
"0.1173535627981287","9.634939474394803E-5","1.3022614009104618E-4","8.011233594717058E-4","x1=v4_x2=v2_x3=v4_x4=v3_class=class1","0.0","x1=v2_x2=v3_x3=v3_x4=v1_class=class4","x1_x2_x3_x4_class","*"
"0.16256406734604884","1.032152808546342E-4","1.3257190785859643E-4","7.47077926657264E-4","x1=v4_x2=v4_x4=v3_x5=v2_class=class5","0.0","x1=v1_x2=v1_x4=v2_x5=v5_class=class5","x1_x2_x4_x5_class","*"
"0.17780348948462946","1.0171824341225941E-4","1.2258049379693705E-4","0.0011017961317975294","x1=v4_x3=v4_x4=v3_x5=v3_class=class1","0.0","x1=v1_x3=v5_x4=v2_x5=v5_class=class5","x1_x3_x4_x5_class","*"
"0.18037791123487795","9.713403943719869E-5","1.1090349129522151E-4","7.473511195059954E-4","x2=v3_x3=v3_x4=v3_x5=v4_class=class3","1.28164556962026E-7","x2=v3_x3=v5_x4=v4_x5=v5_class=class1","x2_x3_x4_x5_class","*"
