"Distance","mean","sd","max_val","max_att","min_val","min_att","attributes","class_values"
"0.032726000000000005","0.006545200000000001","0.0044547752131841615","0.0130725","x1=v1","0.001738500000000004","x1=v4","x1","NA"
"0.159263","0.031852599999999995","0.013460202475260167","0.04296899999999999","x4=v2","0.009294999999999998","x4=v4","x4","NA"
"0.176004","0.0352008","0.02180345303959903","0.057898500000000006","x2=v2","0.0020074999999999954","x2=v4","x2","NA"
"0.17749199999999998","0.0354984","0.03249757829323594","0.08874599999999999","x3=v1","0.009040499999999993","x3=v3","x3","NA"
"0.22185600000000003","0.044371200000000006","0.047664379325131255","0.1004025","class=class3","0.002120000000000004","class=class4","class","NA"
"0.298242","0.059648400000000004","0.05791845697767681","0.14912099999999998","x5=v1","0.007237499999999994","x5=v4","x5","NA"
