"Distance","mean","sd","max_val","max_att","min_val","min_att","attributes","class_values"
"0.7608055969132637","6.076450229967858E-4","0.0018437135771402938","0.014522687991782982","x1=v5_x2=v4_x3=v5_x4=v3_x5=v5_class=class1","1.0491616149534907E-6","x1=v3_x2=v1_x3=v2_x4=v1_x5=v1_class=class1","x1_x2_x3_x4_x5_class","class1"
"0.6237351803440738","4.826976769165382E-4","0.0011293255967840326","0.00797811131324928","x1=v5_x2=v5_x3=v4_x4=v1_x5=v5_class=class2","9.411126963631641E-7","x1=v1_x2=v4_x3=v5_x4=v2_x5=v1_class=class2","x1_x2_x3_x4_x5_class","class2"
"0.06625914285116033","1.331542303062634E-4","2.777460547083684E-4","0.00145149296419174","x1=v2_x2=v4_x3=v5_x4=v3_x5=v4_class=class3","2.311120143269085E-7","x1=v5_x2=v1_x3=v3_x4=v1_x5=v1_class=class3","x1_x2_x3_x4_x5_class","class3"
"0.10752339053871052","3.115554405702123E-4","6.904397946378705E-4","0.003332101701164797","x1=v4_x2=v5_x3=v3_x4=v4_x5=v2_class=class4","5.430071275785411E-7","x1=v4_x2=v2_x3=v4_x4=v4_x5=v1_class=class4","x1_x2_x3_x4_x5_class","class4"
"0.160405608354654","2.562275303255669E-4","6.916463651013845E-4","0.003582162577759139","x1=v2_x2=v5_x3=v5_x4=v4_x5=v4_class=class5","4.711641325364528E-7","x1=v5_x2=v3_x3=v2_x4=v2_x5=v3_class=class5","x1_x2_x3_x4_x5_class","class5"
