"Distance","mean","sd","max_val","max_att","min_val","min_att","attributes","class_values"
"0.4453809182784217","1.7472770430695242E-4","2.678361240305958E-4","0.0029799236808231737","x2=v2_x3=v1_x4=v1_x5=v1_class=class1","4.311950855695112E-8","x2=v1_x3=v2_x4=v2_x5=v1_class=class1","x2_x3_x4_x5_class","*"
"0.49044056009790465","2.898584870554992E-4","7.623167556739071E-4","0.011628","x1=v2_x2=v2_x3=v1_x5=v1_class=class2","0.0","x1=v5_x2=v1_x3=v5_x5=v4_class=class5","x1_x2_x3_x5_class","*"
"0.5204411686480928","2.3151297537726543E-4","3.541347851591671E-4","0.0034047500000000002","x1=v1_x3=v1_x4=v5_x5=v1_class=class2","2.6061414066188363E-6","x1=v5_x3=v4_x4=v4_x5=v3_class=class3","x1_x3_x4_x5_class","*"
"0.5333716978830529","3.405949539483096E-4","4.91161370693248E-4","0.0040995","x1=v2_x2=v2_x3=v1_x4=v1_class=class1","0.0","x1=v3_x2=v5_x3=v2_x4=v1_class=class3","x1_x2_x3_x4_class","*"
"0.537551730377373","2.7997485957154843E-4","4.0453704904732887E-4","0.0027745","x1=v1_x2=v3_x4=v4_x5=v1_class=class2","0.0","x1=v5_x2=v1_x4=v2_x5=v3_class=class5","x1_x2_x4_x5_class","*"
