"Distance","mean","sd","max_val","max_att","min_val","min_att","attributes","class_values"
"0.39225797341216323","0.0012552255149189224","0.0011922587615780563","0.007086687483091668","x1=v4_x2=v4_x3=v3_x4=v2_x5=v2_class=class1","1.1699993860464128E-4","x1=v4_x2=v3_x3=v4_x4=v3_x5=v5_class=class1","x1_x2_x3_x4_x5_class","class1"
"0.3462914496477796","0.0010260487396971246","0.0011987416653070366","0.006768772963481481","x1=v4_x2=v2_x3=v5_x4=v2_x5=v1_class=class2","3.628987873456179E-5","x1=v5_x2=v2_x3=v1_x4=v3_x5=v1_class=class2","x1_x2_x3_x4_x5_class","class2"
"0.5969049854652978","0.001256642074663785","0.0019775717463742185","0.011213670209128213","x1=v4_x2=v4_x3=v3_x4=v3_x5=v1_class=class3","4.8204560330275276E-5","x1=v3_x2=v5_x3=v4_x4=v2_x5=v4_class=class3","x1_x2_x3_x4_x5_class","class3"
"0.47968140057517045","6.85259143678815E-4","9.930789128899744E-4","0.00604604628909764","x1=v5_x2=v3_x3=v3_x4=v5_x5=v1_class=class4","1.5211085611123768E-5","x1=v2_x2=v1_x3=v4_x4=v3_x5=v1_class=class4","x1_x2_x3_x4_x5_class","class4"
"0.4069034822606223","3.1300267866201715E-4","3.7177829338221687E-4","0.002916745844094474","x1=v3_x2=v4_x3=v4_x4=v3_x5=v1_class=class5","3.0549838166704386E-6","x1=v1_x2=v5_x3=v3_x4=v2_x5=v2_class=class5","x1_x2_x3_x4_x5_class","class5"
