"Distance","mean","sd","max_val","max_att","min_val","min_att","attributes","class_values"
"0.3936286239999999","2.2518799999999997E-4","2.767266067543408E-4","0.0022175","x1=v1_x3=v4_x4=v3_x5=v4_class=class5","9.999999999999972E-7","x1=v4_x3=v5_x4=v3_x5=v2_class=class4","x1_x3_x4_x5_class","NA"
"0.40418162099999994","2.1765299999999997E-4","2.77213581612917E-4","0.0033554999999999995","x2=v2_x3=v4_x4=v2_x5=v3_class=class5","5.000000000000122E-7","x2=v5_x3=v3_x4=v2_x5=v2_class=class1","x2_x3_x4_x5_class","NA"
"0.4159762320000004","3.4152400000000033E-4","4.5539519209799743E-4","0.005573","x1=v1_x2=v2_x3=v3_x4=v3_class=class5","9.9999999999997E-7","x1=v2_x2=v4_x3=v2_x4=v5_class=class5","x1_x2_x3_x4_class","NA"
"0.4302917120000001","3.127120000000001E-4","6.414106416941936E-4","0.011704","x1=v2_x2=v2_x3=v3_x5=v1_class=class1","2.5000000000000066E-6","x1=v2_x2=v2_x3=v5_x5=v2_class=class5","x1_x2_x3_x5_class","NA"
"0.43350930000000004","2.7524400000000006E-4","4.189939119611657E-4","0.0048425000000000004","x1=v2_x2=v2_x4=v5_x5=v1_class=class1","4.999999999999986E-7","x1=v4_x2=v4_x4=v3_x5=v3_class=class1","x1_x2_x4_x5_class","NA"
"0.4744343750000002","1.5181900000000006E-4","2.3741725853083348E-4","0.0027425","x1=v2_x2=v2_x3=v3_x4=v3_x5=v2","4.999999999999986E-7","x1=v4_x2=v4_x3=v2_x4=v3_x5=v3","x1_x2_x3_x4_x5","NA"
