"Distance","mean","sd","max_val","max_att","min_val","min_att","attributes","class_values"
"0.9239095567393352","0.001131354766775244","0.001627679232508294","0.010221980782806254","x1=v4_x2=v2_x3=v1_x4=v1_x5=v1_class=class1","1.066730077265007E-5","x1=v4_x2=v3_x3=v5_x4=v4_x5=v1_class=class1","x1_x2_x3_x4_x5_class","class1"
"0.7384892365437156","5.725077807489733E-4","5.8683275370227E-4","0.00287819765278019","x1=v1_x2=v4_x3=v2_x4=v5_x5=v1_class=class2","1.3784471517146504E-6","x1=v1_x2=v2_x3=v2_x4=v4_x5=v5_class=class2","x1_x2_x3_x4_x5_class","class2"
"0.7273988763981003","6.477975174534236E-4","0.0012021312914604987","0.009501086939763495","x1=v3_x2=v2_x3=v5_x4=v3_x5=v1_class=class3","2.312637794668599E-5","x1=v2_x2=v3_x3=v5_x4=v2_x5=v3_class=class3","x1_x2_x3_x4_x5_class","class3"
"0.8076133341583285","0.0014266770317946731","0.002244129403151631","0.014234421193929063","x1=v2_x2=v4_x3=v1_x4=v4_x5=v1_class=class4","8.235129415058758E-6","x1=v2_x2=v4_x3=v1_x4=v1_x5=v3_class=class4","x1_x2_x3_x4_x5_class","class4"
"0.5883080624829875","6.966512676238485E-4","0.0013907163879093502","0.012699188565424725","x1=v5_x2=v3_x3=v1_x4=v1_x5=v1_class=class5","7.82193618651349E-6","x1=v5_x2=v3_x3=v1_x4=v5_x5=v2_class=class5","x1_x2_x3_x4_x5_class","class5"
