"Distance","mean","sd","max_val","max_att","min_val","min_att","attributes","class_values"
"0.34169028733800305","1.4417311702025445E-4","5.315626542751413E-4","0.006359352860026918","x2=v5_x3=v3_x4=v3_x5=v2_class=class2","0.0","x2=v1_x3=v5_x4=v5_x5=v1_class=class3","x2_x3_x4_x5_class","*"
"0.3588696073714474","2.247148449414198E-4","0.0012241406193912474","0.0164825","x1=v1_x2=v5_x3=v1_x5=v2_class=class2","0.0","x1=v4_x2=v1_x3=v2_x5=v5_class=class5","x1_x2_x3_x5_class","*"
"0.4018191870397685","2.263770067829682E-4","0.001284877672640726","0.02288775","x1=v1_x2=v5_x4=v3_x5=v2_class=class2","0.0","x1=v5_x2=v1_x4=v1_x5=v3_class=class3","x1_x2_x4_x5_class","*"
"0.45084988572672224","3.0096788099247143E-4","0.0011565000419060615","0.012565999522083714","x1=v1_x2=v5_x3=v1_x4=v4_class=class2","0.0","x1=v4_x2=v5_x3=v5_x4=v1_class=class2","x1_x2_x3_x4_class","*"
"0.49387634394646424","2.57764271370806E-4","0.001296154208899418","0.014342500000000001","x1=v1_x3=v5_x4=v1_x5=v2_class=class2","0.0","x1=v4_x3=v4_x4=v5_x5=v1_class=class2","x1_x3_x4_x5_class","*"
