"Distance","mean","sd","max_val","max_att","min_val","min_att","attributes","class_values"
"0.5069812499999999","1.6223399999999998E-4","2.588318335911567E-4","0.002205","x1=v3_x2=v4_x3=v1_x4=v1_x5=v1","1.4999999999999823E-6","x1=v4_x2=v1_x3=v1_x4=v4_x5=v4","x1_x2_x3_x4_x5","NA"
"0.6126241109999994","2.4033899999999976E-4","4.3668198943716216E-4","0.0072535","x2=v2_x3=v1_x4=v3_x5=v1_class=class1","0.0","x2=v4_x3=v5_x4=v2_x5=v1_class=class5","x2_x3_x4_x5_class","NA"
"0.6487564799999996","3.378939999999998E-4","6.15569985117171E-4","0.0081625","x1=v1_x2=v2_x4=v1_x5=v1_class=class2","4.99999999999985E-7","x1=v5_x2=v3_x4=v4_x5=v2_class=class2","x1_x2_x4_x5_class","NA"
"0.6751440880000004","3.0033100000000014E-4","6.149936131598883E-4","0.008485","x1=v1_x3=v1_x4=v3_x5=v1_class=class2","5.0E-7","x1=v3_x3=v3_x4=v3_x5=v3_class=class1","x1_x3_x4_x5_class","NA"
"0.708780996","4.52606E-4","7.192004597931887E-4","0.007195","x1=v1_x2=v2_x3=v1_x4=v1_class=class2","5.0E-7","x1=v2_x2=v2_x3=v3_x4=v2_class=class3","x1_x2_x3_x4_class","NA"
"0.7925395680000004","4.684040000000002E-4","0.0010918426509955853","0.0183595","x1=v1_x2=v2_x3=v1_x5=v1_class=class2","5.0E-7","x1=v1_x2=v5_x3=v4_x5=v3_class=class2","x1_x2_x3_x5_class","NA"
