"attribute_subset","drift","mean","sd","max_value","max_attribute","min_value","min_attribute"
"x4_class","0.211185","0.008447400000000011","0.010169888330489108","0.032252499999999996","x4=v5_class=class5","1.4000000000000123E-5","x4=v4_class=class1"
"x5_class","0.2327599999999999","0.009310400000000002","0.00888601294305249","0.032706","x5=v5_class=class5","3.9499999999999605E-5","x5=v3_class=class3"
"x3_class","0.240736","0.00962944000000001","0.011774194398826847","0.045754500000000004","x3=v4_class=class5","1.3100000000000004E-4","x3=v3_class=class3"
"x2_class","0.27707600000000004","0.011083040000000016","0.02253068940263997","0.096817","x2=v1_class=class5","0.0","x2=v1_class=class3"
"x1_class","0.42947099999999994","0.017178840000000004","0.031831176234255375","0.10385799999999999","x1=v2_class=class1","0.0","x1=v1_class=class3"
