"attribute_subset","drift","mean","sd","max_value","max_attribute","min_value","min_attribute"
"x4_class","0.03103743454786035","0.009357869901783696","0.010256906573135032","0.042544461787045434","x4=v1_class=class4","6.949767485106562E-5","x4=v2_class=class2"
"x5_class","0.10216882680534675","0.021909093249605934","0.01771088723872865","0.06719147375310085","x5=v4_class=class5","6.41724237856453E-4","x5=v5_class=class2"
"x3_class","0.11122802883175151","0.025790795163585695","0.024229871520337638","0.11331156620871491","x3=v1_class=class2","0.0010392591115566258","x3=v5_class=class3"
"x2_class","0.2791398536258331","0.06443910533097437","0.08240179325507414","0.3090438341298322","x2=v1_class=class5","0.0","x2=v1_class=class3"
"x1_class","0.4285048606340892","0.07707627889727682","0.08738459279786533","0.3043199684048216","x1=v1_class=class2","0.0","x1=v1_class=class3"
