"attribute_subset","conditioned_value","probability_of_condition","drift","mean","sd","max_value","max_attribute","min_value","min_attribute"
"x1_x2_x3_x4_x5_class","class=class1","0.5157615","0.4482020387996767","1.5439271057515386E-4","7.083301754395033E-4","0.017313448781762785","x1=v2_x2=v1_x3=v4_x4=v5_x5=v5","0.0","x1=v4_x2=v1_x3=v1_x4=v1_x5=v1"
"x1_x2_x3_x4_x5_class","class=class2","0.15188500000000002","0.910724212562755","3.137182957501766E-4","0.0013435170474934168","0.034565610790918355","x1=v2_x2=v4_x3=v4_x4=v5_x5=v1","0.0","x1=v2_x2=v1_x3=v1_x4=v1_x5=v1"
"x1_x2_x3_x4_x5_class","class=class3","0.07735950000000001","0.5266038728822614","1.8139988731734834E-4","9.955324782193857E-4","0.027051693489698287","x1=v2_x2=v4_x3=v4_x4=v5_x5=v1","0.0","x1=v1_x2=v1_x3=v1_x4=v1_x5=v1"
"x1_x2_x3_x4_x5_class","class=class4","0.07264999999999999","0.5651905361884495","1.9469188294469352E-4","8.233665107275692E-4","0.013155240664632762","x1=v2_x2=v5_x3=v4_x4=v3_x5=v5","0.0","x1=v1_x2=v1_x3=v1_x4=v1_x5=v1"
"x1_x2_x3_x4_x5_class","class=class5","0.18234400000000003","0.8438912773224603","2.906962718988838E-4","0.0014438926251899614","0.032632465471685156","x1=v2_x2=v1_x3=v4_x4=v5_x5=v5","0.0","x1=v1_x2=v1_x3=v1_x4=v1_x5=v1"
