"attribute_subset","drift","mean","sd","max_value","max_attribute","min_value","min_attribute"
"x4_class","0.21100163817600176","0.04147806658776076","0.04038259556998325","0.10544402010315673","x4=v3_class=class5","1.9488538839412817E-4","x4=v4_class=class1"
"x5_class","0.23310225853412875","0.046631652360327375","0.042243362609629555","0.14720386833056967","x5=v2_class=class5","2.615078739358692E-4","x5=v3_class=class3"
"x3_class","0.24028542033625128","0.04988967071317944","0.051927143186930216","0.18777996328728844","x3=v2_class=class2","0.0011515537848318935","x3=v3_class=class3"
"x2_class","0.2766396247202979","0.04619139173945719","0.037377894563634835","0.16015905613914025","x2=v1_class=class5","0.0","x2=v1_class=class3"
"x1_class","0.42938891932900203","0.11647447071673742","0.16696880971959197","0.5","x1=v1_class=class1","0.0","x1=v1_class=class3"
