"Distance","mean","sd","max_val","max_att","min_val","min_att","attributes","class_values"
"0.0","0.0","0.0","0.0","period='(0.819149-inf)'","0.0","period='(0.819149-inf)'","period","NA"
"0.006311793785310715","9.016848264729593E-4","0.0","0.0010593220338983023","day=2","0.0","day=1","day","NA"
"0.018008474576271194","0.0036016949152542386","0.0","0.007150423728813568","nswdemand='(0.397128-0.481627]'","7.944915254237267E-4","nswdemand='(0.481627-0.559134]'","nswdemand","NA"
"0.3943326271186441","0.07886652542372882","5.851389114294502E-17","0.17792196327683618","nswprice='(-inf-0.03223]'","0.019244350282485875","nswprice='(0.03223-0.043518]'","nswprice","NA"
"0.7673022598870056","0.15346045197740107","5.233641528945917E-17","0.3836511299435028","transfer='(0.414693-0.415131]'","0.0791401836158192","transfer='(0.415131-0.551974]'","transfer","NA"
"0.7690236581920903","0.15380473163841807","1.0467283057891834E-16","0.3845118290960452","vicprice='(0.003466-0.003468]'","0.020369879943502825","vicprice='(0.003067-0.003466]'","vicprice","NA"
"0.7691119350282486","0.15382238700564976","9.791246743253677E-17","0.3845559675141243","vicdemand='(0.422876-0.423006]'","0.07221045197740113","vicdemand='(0.335448-0.422876]'","vicdemand","NA"
"0.8008474576271185","0.16016949152542362","9.064933036736789E-17","0.20021186440677965","date='(-inf-0.026746]'","0.0010813912429378514","date='(0.442967-0.471594]'","date","NA"
