"Distance","mean","sd","max_val","max_att","min_val","min_att","Attributes"
"0.020082980225988686","0.0","0.0","0.011212253693396514","_period=1.0","0.0","_period=0.0","_period"
"0.0491260593220339","0.0","0.0","0.024289056550475356","_nswdemand=0.0","0.0","_nswdemand=0.0","_nswdemand"
"0.010659427966101712","0.0","0.0","0.005050802443526672","_day=3.0","0.0","_day=1.0","_day"
"1.1171433615819208","0.0","0.0","0.023658630970285425","_vicdemand=0.0","0.0","_vicdemand=2.0","_vicdemand"
"0.44440766242937857","0.0","0.0","0.02398529422588262","_nswprice=3.0","0.0","_nswprice=1.0","_nswprice"
"1.0692531779661016","0.0","0.0","0.006461207972207338","_transfer=2.0","0.0","_transfer=1.0","_transfer"
"1.1134136652542375","0.0","0.0","0.028820770021273572","_vicprice=0.0","0.0","_vicprice=3.0","_vicprice"
