"Distance","mean","sd","max_val","max_att","min_val","min_att","Attributes"
"0.9857703524908978","0.006325569157708563","4.3767801219186765E-18","0.0065913329913789434","_Voltage=4.0","4.2969951936538937E-4","_Voltage=4.0","_Voltage"
"0.011113603825926854","0.0012372773835063343","1.5318730426715367E-18","0.002977024941574985","_Rcdminutes=0.0","6.799021513482336E-4","_Rcdminutes=0.0","_Rcdminutes"
"0.2863390518613822","9.745323811000526E-4","8.753560243837353E-19","0.004411863530724022","_Temperature=1.0","5.799692337725784E-4","_Temperature=0.0","_Temperature"
"0.3641477933617502","0.0016239445123925574","8.753560243837353E-19","0.004394335243843778","_Humidity=2.0","1.1039244733355545E-4","_Humidity=2.0","_Humidity"
"0.07033915637520821","4.240249356679263E-5","6.838718940497932E-21","0.003681738395990422","_Light=2.0","1.8605828243673483E-5","_Light=2.0","_Light"
