"Distance","mean","sd","max_val","max_att","min_val","min_att","attributes","class_values"
"0.050487000000000004","0.010097400000000001","0.004675086501873524","0.01543","x1=v2","0.002618499999999996","x1=v1","x1","NA"
"0.09195600000000001","0.018391200000000003","0.011640512250326444","0.0320995","class=class4","0.0019705","class=class3","class","NA"
"0.098404","0.019680800000000002","0.021593900367349112","0.04920200000000001","x5=v1","0.002936000000000008","x5=v3","x5","NA"
"0.202119","0.040423799999999996","0.018127599326027692","0.07158499999999998","x3=v3","0.027573000000000007","x3=v5","x3","NA"
"0.23077500000000004","0.04615500000000001","0.043700307767794946","0.11538749999999999","x2=v2","0.006463500000000011","x2=v4","x2","NA"
"0.253698","0.050739599999999996","0.03153167604647745","0.0875595","x4=v3","0.010385000000000005","x4=v5","x4","NA"
