"Distance","mean","sd","max_val","max_att","min_val","min_att","attributes","class_values"
"0.18812586589982935","1.2558469018680198E-4","4.1872694725374887E-4","0.003731","x1=v1_x2=v4_x3=v2_x4=v4_class=class1","0.0","x1=v4_x2=v3_x3=v2_x4=v1_class=class2","x1_x2_x3_x4_class","*"
"0.27607082699043234","1.4408707045429663E-4","7.458979321850999E-4","0.00664275","x1=v1_x3=v1_x4=v1_x5=v2_class=class2","6.274509803921569E-8","x1=v2_x3=v3_x4=v5_x5=v3_class=class1","x1_x3_x4_x5_class","*"
"0.3037325953946753","1.2815721324669843E-4","4.475053551275539E-4","0.0030051821128990975","x2=v5_x3=v3_x4=v4_x5=v2_class=class1","8.125000000000008E-8","x2=v4_x3=v5_x4=v5_x5=v1_class=class4","x2_x3_x4_x5_class","*"
"0.34111943209982515","1.9217996174638037E-4","6.579449660402284E-4","0.004512250000000001","x1=v1_x2=v5_x4=v2_x5=v2_class=class2","0.0","x1=v4_x2=v3_x4=v2_x5=v2_class=class3","x1_x2_x4_x5_class","*"
"1.003000074917888","6.280526455340564E-4","0.0026570626987726634","0.017268","x1=v1_x2=v5_x3=v3_x5=v2_class=class2","0.0","x1=v4_x2=v3_x3=v1_x5=v2_class=class3","x1_x2_x3_x5_class","*"
