"Distance","mean","sd","max_val","max_att","min_val","min_att","attributes","class_values"
"0.7019668911285115","5.466350697175675E-4","0.0015539933872359905","0.006483234371501664","x1=v4_x2=v5_x3=v3_x4=v3_x5=v3_class=class1","1.0491616149534907E-6","x1=v2_x2=v1_x3=v4_x4=v5_x5=v1_class=class1","x1_x2_x3_x4_x5_class","class1"
"1.219399906667236","9.49570074342166E-4","0.002677326980725327","0.01454363243844261","x1=v5_x2=v5_x3=v5_x4=v3_x5=v5_class=class2","9.411126963631641E-7","x1=v3_x2=v1_x3=v2_x4=v3_x5=v1_class=class2","x1_x2_x3_x4_x5_class","class2"
"0.03347624775806759","6.951625500055567E-5","9.631724587448079E-5","3.3875338753387534E-4","x1=v3_x2=v2_x3=v1_x4=v1_x5=v5_class=class3","3.249828998446152E-6","x1=v3_x2=v4_x3=v3_x4=v4_x5=v5_class=class3","x1_x2_x3_x4_x5_class","class3"
"0.48917588925736466","0.001108161858635264","0.0013462918283230823","0.003956077015643803","x1=v2_x2=v5_x3=v5_x4=v3_x5=v3_class=class4","6.607954212670548E-6","x1=v4_x2=v2_x3=v4_x4=v5_x5=v2_class=class4","x1_x2_x3_x4_x5_class","class4"
"0.13280293897085346","2.545629377041029E-4","4.6477631301564636E-4","0.001369442801113083","x1=v2_x2=v5_x3=v5_x4=v3_x5=v2_class=class5","3.377327168132665E-6","x1=v4_x2=v1_x3=v3_x4=v1_x5=v4_class=class5","x1_x2_x3_x4_x5_class","class5"
