"Distance","mean","sd","max_val","max_att","min_val","min_att","attributes","class_values"
"0.302570968041568","5.928114577616929E-4","4.692958682648687E-4","0.0016210649443116514","x1=v2_x2=v1_x3=v1_x4=v4_x5=v3_class=class1","9.193101088361023E-5","x1=v2_x2=v2_x3=v5_x4=v1_x5=v4_class=class1","x1_x2_x3_x4_x5_class","class1"
"0.5570964638513495","4.802555722856461E-4","4.2373109098467325E-4","0.001466667769424388","x1=v1_x2=v3_x3=v4_x4=v2_x5=v1_class=class2","1.3784471517146504E-6","x1=v1_x2=v5_x3=v2_x4=v3_x5=v3_class=class2","x1_x2_x3_x4_x5_class","class2"
"0.8908387214339543","6.193261411526379E-4","8.433940119148258E-4","0.004532770077550454","x1=v3_x2=v2_x3=v1_x4=v1_x5=v2_class=class3","1.9271981622238324E-5","x1=v3_x2=v2_x3=v2_x4=v5_x5=v2_class=class3","x1_x2_x3_x4_x5_class","class3"
"0.9183942087980759","0.0019792978637889567","0.0020051115763686693","0.006233992967199479","x1=v3_x2=v2_x3=v5_x4=v5_x5=v1_class=class4","1.0705668239576385E-4","x1=v2_x2=v3_x3=v5_x4=v5_x5=v5_class=class4","x1_x2_x3_x4_x5_class","class4"
"0.6569518376808878","6.155845555480583E-4","6.321830749197905E-4","0.0027377878333950363","x1=v5_x2=v1_x3=v4_x4=v1_x5=v1_class=class5","4.650287974841715E-5","x1=v4_x2=v1_x3=v1_x4=v3_x5=v2_class=class5","x1_x2_x3_x4_x5_class","class5"
