"Distance","mean","sd","max_val","max_att","min_val","min_att","attributes","class_values"
"0.39515625000000004","1.2645E-4","1.6683452910297108E-4","0.0011765","x1=v1_x2=v5_x3=v1_x4=v3_x5=v1","4.999999999999986E-7","x1=v5_x2=v5_x3=v3_x4=v1_x5=v5","x1_x2_x3_x4_x5","NA"
"0.5256802700000001","2.0623000000000004E-4","3.0665232525754413E-4","0.002355","x2=v4_x3=v1_x4=v1_x5=v1_class=class4","2.5E-6","x2=v4_x3=v5_x4=v2_x5=v1_class=class2","x2_x3_x4_x5_class","NA"
"0.6177322800000001","3.6509000000000004E-4","4.103310278595105E-4","0.0021425000000000003","x1=v4_x2=v2_x3=v3_x5=v1_class=class1","2.0E-6","x1=v2_x2=v4_x3=v1_x5=v3_class=class4","x1_x2_x3_x5_class","NA"
"0.6543928","2.911E-4","6.049136928170627E-4","0.0042465","x1=v1_x3=v2_x4=v3_x5=v1_class=class2","3.5000000000000038E-6","x1=v5_x3=v4_x4=v5_x5=v4_class=class1","x1_x3_x4_x5_class","NA"
"0.6880991999999999","3.5838499999999996E-4","6.474750915804959E-4","0.00526","x1=v2_x2=v2_x4=v3_x5=v1_class=class1","4.999999999999986E-7","x1=v5_x2=v5_x4=v1_x5=v5_class=class4","x1_x2_x4_x5_class","NA"
"0.8174911499999997","5.220249999999999E-4","9.484819273662539E-4","0.0071935","x1=v2_x2=v2_x3=v1_x4=v1_class=class1","4.999999999999986E-7","x1=v3_x2=v2_x3=v5_x4=v4_class=class5","x1_x2_x3_x4_class","NA"
