"Distance","mean","sd","max_val","max_att","min_val","min_att","attributes","class_values"
"0.28240327500000006","1.5207500000000005E-4","1.4225003550442475E-4","7.61E-4","x2=v2_x3=v2_x4=v3_x5=v4_class=class3","9.999999999999972E-7","x2=v2_x3=v5_x4=v3_x5=v2_class=class4","x2_x3_x4_x5_class","NA"
"0.38924550000000013","2.471400000000001E-4","3.3382187744152703E-4","0.0020534999999999998","x1=v4_x2=v2_x4=v3_x5=v5_class=class2","9.500000000000014E-6","x1=v2_x2=v2_x4=v1_x5=v1_class=class3","x1_x2_x4_x5_class","NA"
"0.42936124","2.4563E-4","3.5546904296302725E-4","0.002906","x1=v4_x3=v4_x4=v3_x5=v3_class=class1","2.5000000000000066E-6","x1=v5_x3=v3_x4=v1_x5=v3_class=class3","x1_x3_x4_x5_class","NA"
"0.46304096999999983","3.8016499999999985E-4","4.8110347201285966E-4","0.0035375000000000003","x1=v1_x2=v2_x3=v4_x4=v3_class=class5","1.299999999999999E-5","x1=v5_x2=v5_x3=v3_x4=v2_class=class4","x1_x2_x3_x4_class","NA"
"0.47617187500000013","1.5237500000000006E-4","2.3860978218959438E-4","0.0014065","x1=v3_x2=v3_x3=v4_x4=v3_x5=v1","9.999999999999972E-7","x1=v2_x2=v4_x3=v4_x4=v3_x5=v5","x1_x2_x3_x4_x5","NA"
"0.5803348799999999","4.217549999999999E-4","0.0012940802230588804","0.011704","x1=v2_x2=v2_x3=v3_x5=v1_class=class1","9.000000000000002E-6","x1=v3_x2=v4_x3=v3_x5=v3_class=class3","x1_x2_x3_x5_class","NA"
