"Distance","mean","sd","max_val","max_att","min_val","min_att","attributes","class_values"
"0.09555940274852678","6.944724036956888E-5","9.237066165957336E-5","4.0701357979650574E-4","x1=v5_x2=v3_x3=v3_x5=v1_class=class1","0.0","x1=v1_x2=v2_x3=v5_x5=v3_class=class5","x1_x2_x3_x5_class","*"
"0.1483746946732257","1.2181830432941356E-4","1.7806148351364888E-4","9.351743873056988E-4","x1=v4_x2=v2_x3=v4_x4=v3_class=class4","0.0","x1=v1_x2=v3_x3=v3_x4=v5_class=class5","x1_x2_x3_x4_class","*"
"0.17892071119865444","1.0235738626925311E-4","1.3375559634081803E-4","6.537560259086213E-4","x1=v4_x3=v5_x4=v3_x5=v1_class=class1","0.0","x1=v1_x3=v5_x4=v3_x5=v4_class=class5","x1_x3_x4_x5_class","*"
"0.1793570927951949","9.658432568400371E-5","1.3419605903539737E-4","7.660772676829503E-4","x2=v2_x3=v3_x4=v2_x5=v1_class=class2","1.396752534941078E-6","x2=v4_x3=v4_x4=v4_x5=v4_class=class2","x2_x3_x4_x5_class","*"
"0.20716444199678966","1.3153297904558073E-4","1.9233359552585318E-4","0.0014733090019294702","x1=v2_x2=v2_x4=v3_x5=v1_class=class2","0.0","x1=v1_x2=v3_x4=v1_x5=v4_class=class5","x1_x2_x4_x5_class","*"
