"Distance","mean","sd","max_val","max_att","min_val","min_att","attributes","class_values"
"0.01714119000000001","6.135000000000003E-6","1.0446316590216416E-5","7.000000000000018E-5","x1=v5_x2=v5_x3=v4_x4=v4_x5=v5","0.0","x1=v5_x2=v2_x3=v4_x4=v3_x5=v1","x1_x2_x3_x4_x5","NA"
"0.2443588499999999","1.0310499999999997E-4","2.861612642666136E-4","0.0020385","x2=v4_x3=v1_x4=v1_x5=v2_class=class1","0.0","x2=v3_x3=v5_x4=v5_x5=v5_class=class4","x2_x3_x4_x5_class","NA"
"0.48341958","3.2271000000000003E-4","0.0011687799349161614","0.009138","x1=v1_x2=v5_x3=v3_x4=v3_class=class1","4.999999999999994E-7","x1=v2_x2=v4_x3=v2_x4=v5_class=class1","x1_x2_x3_x4_class","NA"
"0.7048293400000001","3.6786500000000004E-4","0.0018816117323690587","0.0155645","x1=v1_x3=v1_x4=v4_x5=v2_class=class2","4.999999999999986E-7","x1=v3_x3=v5_x4=v2_x5=v4_class=class1","x1_x3_x4_x5_class","NA"
"0.7622471249999999","4.2943499999999993E-4","0.002250005812175434","0.021711","x1=v1_x2=v5_x4=v1_x5=v2_class=class1","4.999999999999986E-7","x1=v3_x2=v5_x4=v2_x5=v2_class=class4","x1_x2_x4_x5_class","NA"
"0.8779188099999999","5.497299999999999E-4","0.00243815308517896","0.0173045","x1=v1_x2=v5_x3=v3_x5=v2_class=class2","5.0E-7","x1=v3_x2=v2_x3=v2_x5=v1_class=class1","x1_x2_x3_x5_class","NA"
