"Distance","mean","sd","max_val","max_att","min_val","min_att","attributes","class_values"
"0.22697988807121025","0.00907919552284841","0.008635081548870698","0.02402427933877573","x4=v1_class=class3","5.919841157276636E-5","x4=v4_class=class4","x4_class","*"
"0.2329475614141329","0.009317902456565316","0.013479108723202998","0.05252637719784813","x5=v1_class=class3","6.58747790801295E-5","x5=v2_class=class5","x5_class","*"
"0.2627822656902327","0.01051129062760931","0.010492707101079381","0.03819149376242448","x3=v1_class=class3","2.3427522149457075E-4","x3=v5_class=class4","x3_class","*"
"0.29950811039338204","0.012479504599724252","0.009700247253778724","0.030541995788637786","x2=v2_class=class2","6.635249546125272E-5","x2=v3_class=class4","x2_class","*"
"0.34487915542580716","0.015676325246627598","0.029584720491399857","0.10594321712395946","x1=v1_class=class2","8.17485009486499E-4","x1=v3_class=class5","x1_class","*"
