"Distance","mean","sd","max_val","max_att","min_val","min_att","attributes","class_values"
"0.3919449263781195","2.5028411646112355E-4","2.803452168653883E-4","0.0011895","x1=v1_x2=v3_x3=v1_x4=v5_class=class2","0.0","x1=v4_x2=v2_x3=v5_x4=v1_class=class3","x1_x2_x3_x4_class","*"
"0.40110384985423914","1.57357336153095E-4","1.8789887562161103E-4","0.001123285595567867","x2=v4_x3=v1_x4=v4_x5=v1_class=class4","2.091362407031777E-6","x2=v4_x3=v3_x4=v5_x5=v2_class=class1","x2_x3_x4_x5_class","*"
"0.5033870966576746","2.2392664442067372E-4","3.147006306925676E-4","0.0021565","x1=v1_x3=v4_x4=v3_x5=v1_class=class3","4.3748579776010425E-6","x1=v5_x3=v2_x4=v5_x5=v3_class=class5","x1_x3_x4_x5_class","*"
"0.5899327871199933","3.4866003966902673E-4","7.142646245965474E-4","0.0040985","x1=v1_x2=v3_x3=v2_x5=v1_class=class2","0.0","x1=v4_x2=v1_x3=v1_x5=v3_class=class5","x1_x2_x3_x5_class","*"
"0.605706243368121","3.1547200175422965E-4","6.093405725094629E-4","0.0047865","x1=v1_x2=v2_x4=v1_x5=v1_class=class3","0.0","x1=v5_x2=v1_x4=v4_x5=v3_class=class5","x1_x2_x4_x5_class","*"
