"Distance","mean","sd","max_val","max_att","min_val","min_att","attributes","class_values"
"1.4261847701364263","0.00380315938703047","0.008634780383691816","0.03093287851284402","x1=v2_x2=v2_x3=v3_x4=v5_x5=v1_class=class1","4.4360633624758184E-4","x1=v5_x2=v2_x3=v5_x4=v2_x5=v3_class=class1","x1_x2_x3_x4_x5_class","class1"
"0.6523927808456862","0.0017397140822551632","0.0026183418274584244","0.008965235073419675","x1=v2_x2=v2_x3=v3_x4=v5_x5=v2_class=class2","2.0539060806910826E-4","x1=v4_x2=v5_x3=v3_x4=v3_x5=v2_class=class2","x1_x2_x3_x4_x5_class","class2"
"0.34601206842613325","7.381590793090842E-4","4.338687246051117E-4","0.0014155470276054059","x1=v4_x2=v4_x3=v1_x4=v1_x5=v1_class=class3","6.35142350531631E-5","x1=v4_x2=v4_x3=v1_x4=v3_x5=v2_class=class3","x1_x2_x3_x4_x5_class","class3"
"0.3374926549405121","5.68408682005073E-4","6.03540585563894E-4","0.002936515008753969","x1=v5_x2=v3_x3=v4_x4=v5_x5=v4_class=class4","1.235844800133311E-4","x1=v3_x2=v1_x3=v4_x4=v2_x5=v5_class=class4","x1_x2_x3_x4_x5_class","class4"
"0.3520044843548669","2.681938928418034E-4","1.226148303726556E-4","5.727992084785382E-4","x1=v4_x2=v1_x3=v3_x4=v3_x5=v3_class=class5","2.5783870416175368E-5","x1=v4_x2=v2_x3=v3_x4=v3_x5=v5_class=class5","x1_x2_x3_x4_x5_class","class5"
