"points","all_attributes","Airline","Flight","AirportFrom","AirportTo","DayOfWeek","Time","Length"
"120388","0.007299954495449475","4.6417669176220065E-4","2.98825892045676E-4","0.0010974092875398879","0.0010509090834194595","7.220405820617393E-4","1.3214448884887875E-4","5.717254361055218E-4"
"240796","0.16297165635773983","0.01601016480673389","0.005099141394251563","0.016263469135214387","0.016370548934092767","0.012958681567307923","0.008712088234150442","0.013636492893140464"
"365403","0.21749153976292568","0.011594012543023387","0.014708820315056992","0.013603231634373367","0.013645835330933895","0.035609024579728144","0.007273779090182966","0.010664379477541952"
