"points","all_attributes","Airline_Flight","Airline_AirportFrom","Airline_AirportTo","Airline_DayOfWeek","Airline_Time","Airline_Length","Flight_AirportFrom","Flight_AirportTo","Flight_DayOfWeek","Flight_Time","Flight_Length","AirportFrom_AirportTo","AirportFrom_DayOfWeek","AirportFrom_Time","AirportFrom_Length","AirportTo_DayOfWeek","AirportTo_Time","AirportTo_Length","DayOfWeek_Time","DayOfWeek_Length","Time_Length"
"120388","0.007299954495449555","9.000936504226676E-4","0.00222415863016933","0.0020114400574103653","0.0012230792949583992","0.0010315198562232098","0.0014432900317763594","0.0021771181270828525","0.001984374887242254","0.0010188197951333366","5.147915015429778E-4","0.0010044224005704024","0.0025357127296248595","0.0018226764864607491","0.0021755866361422836","0.002583427088725215","0.00164701668313182","0.0019497921661382994","0.0024603523375762693","8.418779545233471E-4","0.001046827591076764","0.0010270730136092976"
"240796","0.16297165635774222","0.018230535660005043","0.033846833819656974","0.03468453638917118","0.022988799408421606","0.01988375464152873","0.025932240218445788","0.02884446655237226","0.028844089778132208","0.01492793382258281","0.011705437067884041","0.01697717092340991","0.039313163538793605","0.023730089895489144","0.02752564660595408","0.029915896586108746","0.024038861283989636","0.0286715286425067","0.029095507702700606","0.01643657180466264","0.020601874679215027","0.016304857848799165"
"365403","0.21749153976293087","0.024963300587842924","0.024419868401522684","0.023651980217212328","0.0363198520113295","0.015310466804381929","0.01737857311407324","0.03338594800591808","0.0329756348770685","0.03958284935980672","0.01875190100314715","0.01875483093643738","0.029201887793650187","0.03810821010109779","0.023714104859084057","0.022157131129478282","0.03807784035903752","0.024069629693675362","0.02131518227120673","0.03561900719098747","0.03560902457972815","0.012484393027681388"
