"points","all_attributes","Airline_Flight","Airline_AirportFrom","Airline_AirportTo","Airline_DayOfWeek","Airline_Time","Airline_Length","Flight_AirportFrom","Flight_AirportTo","Flight_DayOfWeek","Flight_Time","Flight_Length","AirportFrom_AirportTo","AirportFrom_DayOfWeek","AirportFrom_Time","AirportFrom_Length","AirportTo_DayOfWeek","AirportTo_Time","AirportTo_Length","DayOfWeek_Time","DayOfWeek_Length","Time_Length"
"120388","0.3732435476649634","0.052209949484817185","0.0812838057860918","0.07684813532959049","0.10408727596994553","0.05289000293200767","0.05258404857050835","0.07158346882695829","0.06582004953412349","0.09657587997201185","0.04885965631594911","0.048859656315949095","0.10590467446952023","0.13022671891656842","0.07590215876247716","0.07110329233200413","0.12246239925938188","0.0656550058604281","0.06525466833373234","0.09623325178339998","0.09498831659502588","0.048859656315949115"
"240796","0.4887159674239567","0.11470936273367736","0.1391122669808088","0.13603366972606631","0.15258584943757364","0.11625426008762287","0.11658393494828431","0.1279241787352117","0.12677311250372908","0.12942962216761422","0.11398892633088623","0.1139889263308862","0.16022723072727366","0.17739567819522392","0.1303640967312855","0.1281908824433513","0.16706853148504813","0.1287974636426748","0.12773442155128864","0.1286621245094384","0.1284212445331351","0.11398892633088621"
"365403","0.5319160322191312","0.05034161732156883","0.09257586693200867","0.07955611003755869","0.11520097280272878","0.04850034577020162","0.04679453455714196","0.0861593279389956","0.07428614124581046","0.08589230341446567","0.037974671972701185","0.03715322175993135","0.12075094913556955","0.1558549097784273","0.08591524984064304","0.08039931756027871","0.13182011655145226","0.07308637886217985","0.07452185125461937","0.08323636246997387","0.08327934584439743","0.0372452487718953"
