"points","all_attributes","Airline_Flight","Airline_AirportFrom","Airline_AirportTo","Airline_DayOfWeek","Airline_Time","Airline_Length","Flight_AirportFrom","Flight_AirportTo","Flight_DayOfWeek","Flight_Time","Flight_Length","AirportFrom_AirportTo","AirportFrom_DayOfWeek","AirportFrom_Time","AirportFrom_Length","AirportTo_DayOfWeek","AirportTo_Time","AirportTo_Length","DayOfWeek_Time","DayOfWeek_Length","Time_Length"
"120388","0.3984061669050766","0.030014318501471113","0.07142796758729059","0.06437991969849396","0.09258463245544388","0.03395007970338167","0.031205914584539432","0.05854571290770156","0.05169412891142383","0.07474671565199711","0.01920477135000644","0.013746189212809904","0.10075467841236173","0.11962682675857375","0.06500736729735314","0.058422658408935096","0.11148702697114984","0.05235965345998169","0.05184622422022424","0.07759781769131982","0.07387075191814924","0.01712358005923139"
"240796","0.5245598693239306","0.0556044309987216","0.1010911002551128","0.09067762407111754","0.1073248507141352","0.059674468203837136","0.056573314262808996","0.08397218866513932","0.07239151803924279","0.07397328207863096","0.031206076375125874","0.026063756522643037","0.1279440395605293","0.13979259258528076","0.08738586597355326","0.08003497556438474","0.12597780567813788","0.07700568815798094","0.07272998614004383","0.07510323105987832","0.07210740380732811","0.025256398056511413"
"365403","0.5358032613315216","0.0457881795037227","0.09080492214110802","0.07655619744304114","0.11598925169846144","0.04485489309894343","0.043488236520439184","0.08442306222668342","0.07161133513519496","0.08472050348489771","0.030680109738530838","0.03278891692911399","0.1193212470134962","0.15626189724550818","0.08448852651526001","0.0791048947095285","0.1322860235223392","0.07130858122750056","0.07324905229877293","0.08172633302410758","0.083600742903132","0.0321095105540484"
