"points","all_attributes","Airline_Flight","Airline_AirportFrom","Airline_AirportTo","Airline_DayOfWeek","Airline_Time","Airline_Length","Flight_AirportFrom","Flight_AirportTo","Flight_DayOfWeek","Flight_Time","Flight_Length","AirportFrom_AirportTo","AirportFrom_DayOfWeek","AirportFrom_Time","AirportFrom_Length","AirportTo_DayOfWeek","AirportTo_Time","AirportTo_Length","DayOfWeek_Time","DayOfWeek_Length","Time_Length"
"120388","0.36988599166037195","0.05225068062747498","0.0810932715931047","0.07666944253313597","0.10421380159158575","0.052869202919810905","0.05249540987539452","0.0714631167006023","0.06558657230865525","0.09671716950843734","0.04885345850253108","0.048839997607425904","0.10545514861736585","0.1302341140400475","0.07567577319106725","0.07081129254363655","0.1225106860514714","0.0655906447650792","0.06481358554425358","0.09636198920337348","0.09513489313920877","0.048837199904051526"
"240796","0.4110258931618314","0.11561792462390981","0.13289222504800136","0.12989060961671686","0.1530384597581851","0.11634573050485064","0.11505541431715456","0.12426638233856806","0.12282297277066785","0.12900843131060302","0.11381518456334476","0.11374811219335669","0.1508663610050004","0.1756866021747844","0.1262935095703443","0.12286550730023374","0.16519556257841372","0.12418959071722514","0.12307242891677228","0.12809105362602044","0.12607249075165447","0.11280999401338028"
"365403","0.4261725410445243","0.039838752894264855","0.08786420607537168","0.0745543792773197","0.10595866307406179","0.04589601950416438","0.04378969024110611","0.07549298830795999","0.0638102915097371","0.08146946867996223","0.03575331034413559","0.030067238932331125","0.11484240461888497","0.1510089891851774","0.08195616938857361","0.07630705927676494","0.12578250217295575","0.06803031827110347","0.07045811644523203","0.07980082833732594","0.08467088937556451","0.03473870558419315"
