"Distance","mean","sd","max_val","max_att","min_val","min_att","attributes"
"0.013726820694795153","0.0027453641389590306","0.0019065161755649482","4.060202231442739E-4","_Flight=*_Delay=0","0.004731340682484764","_Flight=*_Delay=0","_Flight"
"0.021101927761771798","0.0011723293200984332","9.255415477844722E-4","0.0","_Airline=B6_Delay=0","0.0026585981734651883","_Airline=HA_Delay=0","_Airline"
"0.021276201282208168","0.004255240256441634","0.0030707418320489784","2.7068014876284463E-4","_Length=*_Delay=0","0.008072201148722064","_Length=*_Delay=0","_Length"
"0.024973024683804763","8.523216615633024E-5","2.003606128197082E-4","0.0","_AirportTo=*_Delay=0","0.001672284206740305","_AirportTo=*_Delay=0","_AirportTo"
"0.025076847206617965","8.558650923760398E-5","1.8935550679153153E-4","0.0","_AirportFrom=*_Delay=0","0.0014776169764656594","_AirportFrom=*_Delay=0","_AirportFrom"
"0.031102261477023704","0.006220452295404741","0.0022744449858333685","0.0036782836653800055","_Time=*_Delay=0","0.009725945619245724","_Time=*_Delay=0","_Time"
"0.07079212876959187","0.010113161252798838","0.011273079069202049","0.0017408812307418559","_DayOfWeek=*_Delay=0","0.02909996996562733","_DayOfWeek=*_Delay=0","_DayOfWeek"
"0.135547719427048","0.067773859713524","1.962615573354719E-17","0.06777385971352398","_Delay=*_Delay=1","0.06777385971352401","_Delay=*_Delay=0","_Delay"
