"Distance","mean","sd","max_val","max_att","min_val","min_att","attributes"
"0.135547719427048","0.067773859713524","1.962615573354719E-17","0.06777385971352398","_Delay=1","0.06777385971352401","_Delay=0",""
