"Distance","mean","sd","max_val","max_att","min_val","min_att","attributes","class_values"
"0.013726820694795153","0.0027453641389590306","0.0019065161755649482","0.004731340682484764","Flight='(566.5-1306.5]'","4.060202231442739E-4","Flight='(1306.5-2431.5]'","Flight","NA"
"0.021101927761771798","0.0011723293200984332","9.255415477844722E-4","0.0026585981734651883","Airline=B6","0.0","Airline=HA","Airline","NA"
"0.021276201282208168","0.004255240256441634","0.0030707418320489784","0.008072201148722064","Length='(174.5-inf)'","2.7068014876284463E-4","Length='(100.5-130.5]'","Length","NA"
"0.024973024683804763","8.523216615633024E-5","2.003606128197082E-4","0.001672284206740305","AirportTo=ATL","0.0","AirportTo=ITO","AirportTo","NA"
"0.025076847206617965","8.558650923760398E-5","1.8935550679153153E-4","0.0014776169764656594","AirportFrom=IAH","0.0","AirportFrom=IYK","AirportFrom","NA"
"0.031102261477023704","0.006220452295404741","0.0022744449858333685","0.009725945619245724","Time='(1079.5-inf)'","0.0036782836653800055","Time='(-inf-519.5]'","Time","NA"
"0.07079212876959187","0.010113161252798838","0.011273079069202049","0.02909996996562733","DayOfWeek=3","0.0017408812307418559","DayOfWeek=1","DayOfWeek","NA"
"0.135547719427048","0.067773859713524","1.962615573354719E-17","0.06777385971352401","Delay=1","0.06777385971352398","Delay=0","Delay","NA"
