"Distance","mean","sd","max_val","max_att","min_val","min_att","attributes"
"0.009887005649717479","0.004943502824858739","1.962615573354719E-17","0.004943502824858725","_class=UP","0.004943502824858753","_class=DOWN",""
