"Distance","mean","sd","max_val","max_att","min_val","min_att","attributes","class_values"
"0.0","0.0","0.0","0.0","period='(-inf-0.202128]'","0.0","period='(-inf-0.202128]'","period","NA"
"0.006311793785310715","9.016848264729593E-4","3.97741718397688E-4","0.0010593220338983023","day=2","0.0","day=1","day","NA"
"0.009887005649717479","0.004943502824858739","1.962615573354719E-17","0.004943502824858753","class=UP","0.004943502824858725","class=DOWN","class","NA"
"0.018008474576271194","0.0036016949152542386","0.003094351808835034","0.007150423728813568","nswdemand='(0.397129-0.481628]'","7.944915254237267E-4","nswdemand='(0.481628-0.559135]'","nswdemand","NA"
"0.39433262711864414","0.07886652542372882","0.060427284928130987","0.17792196327683618","nswprice='(-inf-0.03223]'","0.019244350282485875","nswprice='(0.03223-0.043518]'","nswprice","NA"
"0.7673022598870056","0.15346045197740113","0.1290631059002723","0.3836511299435028","transfer='(0.414693-0.415132]'","0.0791401836158192","transfer='(0.415132-0.551974]'","transfer","NA"
"0.7690236581920904","0.15380473163841807","0.1394395312323281","0.3845118290960452","vicprice='(0.003466-0.003468]'","0.020369879943502825","vicprice='(0.003067-0.003466]'","vicprice","NA"
"0.7691119350282487","0.15382238700564974","0.13190179606907246","0.3845559675141243","vicdemand='(0.422877-0.423006]'","0.07221045197740113","vicdemand='(0.335448-0.422877]'","vicdemand","NA"
"0.8008474576271186","0.16016949152542373","0.08893418440007768","0.20021186440677965","date='(-inf-0.026747]'","0.0010813912429378514","date='(0.442967-0.471594]'","date","NA"
