"Distance","mean","sd","max_val","max_att","min_val","min_att","attributes"
"0.0","0.0","0.0","0.0","_period=*_class=UP","0.0","_period=*_class=UP","_period"
"0.006311793785310715","9.016848264729593E-4","3.97741718397688E-4","0.0","_day=*_class=UP","0.0010593220338983023","_day=*_class=UP","_day"
"0.009887005649717479","0.004943502824858739","1.962615573354719E-17","0.004943502824858725","_class=*_class=UP","0.004943502824858753","_class=*_class=DOWN","_class"
"0.018008474576271194","0.0036016949152542386","0.003094351808835034","7.944915254237267E-4","_nswdemand=*_class=UP","0.007150423728813568","_nswdemand=*_class=UP","_nswdemand"
"0.39433262711864414","0.07886652542372882","0.060427284928130987","0.019244350282485875","_nswprice=*_class=UP","0.17792196327683618","_nswprice=*_class=UP","_nswprice"
"0.7673022598870056","0.15346045197740113","0.1290631059002723","0.0791401836158192","_transfer=*_class=UP","0.3836511299435028","_transfer=*_class=UP","_transfer"
"0.7690236581920904","0.15380473163841807","0.1394395312323281","0.020369879943502825","_vicprice=*_class=UP","0.3845118290960452","_vicprice=*_class=UP","_vicprice"
"0.7691119350282487","0.15382238700564974","0.13190179606907246","0.07221045197740113","_vicdemand=*_class=UP","0.3845559675141243","_vicdemand=*_class=UP","_vicdemand"
"0.8008474576271186","0.16016949152542373","0.08893418440007768","0.0010813912429378514","_date='(-inf-0.026747]'_class=UP","0.20021186440677965","_date='(0.442967-0.471594]'_class=UP","_date"
