"Distance","mean","sd","max_val","max_att","min_val","min_att","attributes"
"0.01399223894743766","0.002798447789487532","0.0022444040620260486","3.8111507242537257E-4","_Rcdminutes='(873.5-1154.5]'_Class=1","0.00540228362709827","_Rcdminutes='(1154.5-inf)'_Class=1","_Rcdminutes"
"0.06401742137361803","0.012803484274723605","0.00872867336922794","0.001588880449697766","_Light=*_Class=1","0.023737252241416124","_Light=*_Class=1","_Light"
"0.13556974901365082","0.002464904527520924","0.0027309914207599532","2.2524531467227327E-6","_Class=*_Class=20","0.012961516387497624","_Class=*_Class=10","_Class"
"0.31271798115327404","0.06254359623065481","0.03087021791498189","0.02105097661863535","_Humidity=*_Class=1","0.10497963331864733","_Humidity=*_Class=1","_Humidity"
"0.35118627697425264","0.07023725539485053","0.06345881500909539","0.016716806273712692","_Temperature=*_Class=1","0.17559313848712632","_Temperature=*_Class=1","_Temperature"
"0.7369125714816005","0.1473825142963201","0.07942285352258315","0.008231364779381217","_Voltage=*_Class=1","0.20052419089630516","_Voltage=*_Class=1","_Voltage"
