"Distance","mean","sd","max_val","max_att","min_val","min_att","attributes"
"0.005916293435180254","2.183134108922603E-5","1.2361577529262124E-4","0.0","_Light=*_Class=*_Class=50","0.0014129638589387703","_Light=*_Class=*_Class=19","_Light_Class"
"0.006044458019228744","2.197984734264998E-5","1.0057984681705517E-4","0.0","_Rcdminutes='(576.5-873.5]'_Class=*_Class=50","7.649330886268235E-4","_Rcdminutes='(-inf-288.5]'_Class=*_Class=19","_Rcdminutes_Class"
"0.008349168078954788","3.036061119619923E-5","1.4225152648449755E-4","0.0","_Humidity=*_Class=*_Class=50","0.0012843487842609386","_Humidity=*_Class=*_Class=19","_Humidity_Class"
"0.048316246223762294","1.7698258690022819E-4","4.998262018896258E-4","0.0","_Temperature=*_Class=10_Class=10","0.002761958048510633","_Temperature=*_Class=19_Class=19","_Temperature_Class"
"0.2880752427468756","0.0011079817028725985","0.001201558933890714","0.0","_Voltage=*_Class=*_Class=9","0.004969362132298286","_Voltage=*_Class=*_Class=24","_Voltage_Class"
