"Distance","mean","sd","max_val","max_att","min_val","min_att","attributes","class_values"
"0.005916293435180254","2.183134108922603E-5","1.2361577529262124E-4","0.0014129638589387703","Light='(699.2-inf)'_Class=50","0.0","Light='(10.58-106.72]'_Class=19","Light_Class","*"
"0.006044458019228744","2.197984734264998E-5","1.0057984681705517E-4","7.649330886268235E-4","Rcdminutes='(576.5-873.5]'_Class=50","0.0","Rcdminutes='(-inf-288.5]'_Class=19","Rcdminutes_Class","*"
"0.008349168078954788","3.036061119619923E-5","1.4225152648449755E-4","0.0012843487842609386","Humidity='(44.29965-inf)'_Class=50","0.0","Humidity='(36.8011-41.05725]'_Class=19","Humidity_Class","*"
"0.048316246223762294","1.7698258690022819E-4","4.998262018896258E-4","0.002761958048510633","Temperature='(30.5773-inf)'_Class=10","0.0","Temperature='(-inf-19.9737]'_Class=19","Temperature_Class","*"
"0.2880752427468756","0.0011079817028725985","0.001201558933890714","0.004969362132298286","Voltage='(2.645535-inf)'_Class=9","0.0","Voltage='(2.645535-inf)'_Class=24","Voltage_Class","*"
