"Distance","mean","sd","max_val","max_att","min_val","min_att","attributes"
"0.05328448212948713","1.951812532215646E-4","2.3952024341811906E-4","0.0","_Temperature=*_Class=*","5.788804587075785E-4","_Temperature=*_Class=*","_Temperature"
"0.05651630190440409","2.0551382510692397E-4","2.1257058932860483E-4","0.0","_Rcdminutes='(-inf-288.5]'_Class=*","5.788804587075785E-4","_Rcdminutes='(576.5-873.5]'_Class=*","_Rcdminutes"
"0.08954402239479017","3.3042074684424416E-4","4.633366543996798E-4","0.0","_Light=*_Class=*","0.0012109188116777984","_Light=*_Class=*","_Light"
"0.2799997477252472","0.0010769221066355662","0.0012301993337030712","1.2388492306971522E-4","_Voltage='(-inf-2.32455]'_Class=*","0.0034223773111295513","_Voltage='(2.479845-2.5879]'_Class=*","_Voltage"
"0.6987109661131954","0.0025407671495025286","0.004369497442567462","0.0","_Humidity=*_Class=*","0.011237488748996532","_Humidity=*_Class=*","_Humidity"
