"Distance","mean","sd","max_val","max_att","min_val","min_att","attributes","class_values"
"0.43810652353125223","1.8485507321993765E-4","6.791168076836523E-4","0.008613512229700165","x2=v5_x3=v1_x4=v4_x5=v2_class=class1","0.0","x2=v3_x3=v4_x4=v2_x5=v5_class=class4","x2_x3_x4_x5_class","*"
"0.44216233247800274","2.3077365995720394E-4","0.0011938583743766119","0.01550025","x1=v1_x3=v1_x4=v4_x5=v2_class=class1","0.0","x1=v3_x3=v2_x4=v4_x5=v4_class=class1","x1_x3_x4_x5_class","*"
"0.44389385301815804","2.5008104395389183E-4","0.0015664635899884924","0.02289475","x1=v1_x2=v5_x4=v4_x5=v2_class=class1","0.0","x1=v4_x2=v1_x4=v3_x5=v5_class=class5","x1_x2_x4_x5_class","*"
"0.44425356087147433","2.781800631631023E-4","0.001433150557666499","0.017268","x1=v1_x2=v5_x3=v3_x5=v2_class=class1","0.0","x1=v4_x2=v4_x3=v1_x5=v4_class=class2","x1_x2_x3_x5_class","*"
"0.44767313464038994","2.988472193861081E-4","0.0011012849476568086","0.012565999522083714","x1=v1_x2=v5_x3=v1_x4=v4_class=class1","0.0","x1=v5_x2=v5_x3=v4_x4=v1_class=class2","x1_x2_x3_x4_class","*"
