"Distance","mean","sd","max_val","max_att","min_val","min_att","attributes","class_values"
"0.10984439349530205","7.982877434251602E-5","1.300399816712732E-4","0.0020288186953369377","x1=v2_x2=v2_x3=v3_x5=v1_class=class1","0.0","x1=v4_x2=v4_x3=v1_x5=v1_class=class3","x1_x2_x3_x5_class","*"
"0.11979999577573304","9.835796040700578E-5","1.393523042605145E-4","0.0013615011323388502","x1=v2_x2=v2_x3=v3_x4=v2_class=class2","0.0","x1=v4_x2=v4_x3=v1_x4=v3_class=class3","x1_x2_x3_x4_class","*"
"0.16127691573595176","1.0239804173711224E-4","1.4668759864945374E-4","0.0021366114752143102","x1=v2_x2=v2_x4=v3_x5=v1_class=class1","0.0","x1=v1_x2=v2_x4=v3_x5=v3_class=class5","x1_x2_x4_x5_class","*"
"0.1767929155745788","9.520350865620829E-5","1.096065376769288E-4","8.901482738096781E-4","x2=v2_x3=v4_x4=v3_x5=v3_class=class1","4.242309631870944E-8","x2=v3_x3=v2_x4=v4_x5=v5_class=class2","x2_x3_x4_x5_class","*"
"0.18835745293358866","1.0775597993912395E-4","1.4369704480535203E-4","0.0015748811020119282","x1=v2_x3=v3_x4=v3_x5=v1_class=class1","0.0","x1=v1_x3=v2_x4=v3_x5=v3_class=class5","x1_x3_x4_x5_class","*"
