"Distance","mean","sd","max_val","max_att","min_val","min_att","attributes","class_values"
"0.510916601939003","0.0016117242963375488","0.0035222815142952673","0.044671269731406074","x1=v2_x2=v2_x3=v3_x4=v3_x5=v1_class=class1","3.3876462947101185E-6","x1=v4_x2=v4_x3=v4_x4=v2_x5=v1_class=class1","x1_x2_x3_x4_x5_class","class1"
"0.4828833449459004","0.0010949735713058966","0.0017871620544317624","0.027841369691903785","x1=v2_x2=v2_x3=v3_x4=v2_x5=v1_class=class2","1.835480517777422E-7","x1=v2_x2=v2_x3=v4_x4=v5_x5=v5_class=class2","x1_x2_x3_x4_x5_class","class2"
"0.4659804116165201","0.0011591552527774132","0.00162876978473812","0.012803941549503735","x1=v3_x2=v2_x3=v4_x4=v3_x5=v1_class=class3","1.980795065324812E-5","x1=v3_x2=v2_x3=v2_x4=v1_x5=v4_class=class3","x1_x2_x3_x4_x5_class","class3"
"0.4764994051938693","7.422109115169304E-4","0.001226617096725948","0.014171268510972408","x1=v2_x2=v4_x3=v3_x4=v3_x5=v1_class=class4","1.4522976053449213E-6","x1=v3_x2=v3_x3=v5_x4=v3_x5=v2_class=class4","x1_x2_x3_x4_x5_class","class4"
"0.4932583281441943","3.7283320343476517E-4","6.082610291854216E-4","0.008578032905958162","x1=v1_x2=v2_x3=v3_x4=v3_x5=v1_class=class5","1.5005081918753908E-6","x1=v1_x2=v4_x3=v1_x4=v3_x5=v5_class=class5","x1_x2_x3_x4_x5_class","class5"
