"Distance","mean","sd","max_val","max_att","min_val","min_att","attributes","class_values"
"0.8434502429016946","6.896567807863406E-4","0.002122842732801191","0.03131536097486559","x1=v4_x2=v5_x3=v4_x4=v4_x5=v5_class=class1","1.0491616149534907E-6","x1=v1_x2=v4_x3=v4_x4=v2_x5=v3_class=class1","x1_x2_x3_x4_x5_class","class1"
"0.756148612469029","5.996420400230207E-4","0.001794175871165683","0.02321946928759273","x1=v4_x2=v5_x3=v5_x4=v1_x5=v4_class=class2","2.756811349576001E-7","x1=v5_x2=v2_x3=v3_x4=v5_x5=v1_class=class2","x1_x2_x3_x4_x5_class","class2"
"0.1047718894851931","1.7203922739768981E-4","6.505708426909501E-4","0.00908791900240247","x1=v2_x2=v5_x3=v4_x4=v4_x5=v4_class=class3","2.0259041858802567E-7","x1=v4_x2=v4_x3=v2_x4=v5_x5=v2_class=class3","x1_x2_x3_x4_x5_class","class3"
"0.15993121567171364","4.3341792864963046E-4","0.0012309237188896699","0.015536836834151533","x1=v2_x2=v5_x3=v3_x4=v3_x5=v4_class=class4","5.430071275785411E-7","x1=v5_x2=v5_x3=v4_x4=v2_x5=v1_class=class4","x1_x2_x3_x4_x5_class","class4"
"0.132578410008523","2.4061417424414336E-4","8.368134298827586E-4","0.01219333193541623","x1=v2_x2=v5_x3=v3_x4=v3_x5=v4_class=class5","1.5705471084548413E-7","x1=v5_x2=v3_x3=v5_x4=v5_x5=v2_class=class5","x1_x2_x3_x4_x5_class","class5"
