"Distance","mean","sd","max_val","max_att","min_val","min_att","attributes","class_values"
"0.4915879999999999","1.5730815999999998E-4","2.9759909809815325E-4","0.005489","x1=v2_x2=v2_x3=v1_x4=v1_x5=v1","4.99999999999985E-7","x1=v4_x2=v1_x3=v1_x4=v1_x5=v2","x1_x2_x3_x4_x5","NA"
"0.5933829999999994","2.327905060808158E-4","4.380639196468136E-4","0.007931","x2=v2_x3=v1_x4=v1_x5=v1_class=class1","0.0","x2=v4_x3=v1_x4=v3_x5=v5_class=class5","x2_x3_x4_x5_class","NA"
"0.6412380000000002","2.852482206405695E-4","5.367720661492816E-4","0.009321","x1=v1_x3=v1_x4=v1_x5=v1_class=class2","4.99999999999985E-7","x1=v4_x3=v1_x4=v1_x5=v2_class=class5","x1_x3_x4_x5_class","NA"
"0.6609579999999997","3.4424895833333317E-4","5.803288274250658E-4","0.0081625","x1=v1_x2=v2_x4=v1_x5=v1_class=class2","4.99999999999985E-7","x1=v5_x2=v3_x4=v4_x5=v2_class=class2","x1_x2_x4_x5_class","NA"
"0.6722170000000008","4.2925734355044753E-4","6.230441365042295E-4","0.007195","x1=v1_x2=v2_x3=v1_x4=v1_class=class2","4.999999999999986E-7","x1=v3_x2=v2_x3=v5_x4=v4_class=class5","x1_x2_x3_x4_class","NA"
"0.7001749999999999","4.138150118203309E-4","9.93612369370944E-4","0.0213445","x1=v2_x2=v2_x3=v1_x5=v1_class=class1","0.0","x1=v2_x2=v2_x3=v5_x5=v2_class=class2","x1_x2_x3_x5_class","NA"
