"Distance","mean","sd","max_val","max_att","min_val","min_att","attributes","class_values"
"0.018239000000000446","6.527916964924999E-6","1.1472867203753097E-5","1.854999999999999E-4","x1=v4_x2=v5_x3=v5_x4=v1_x5=v4","0.0","x1=v1_x2=v2_x3=v3_x4=v4_x5=v5","x1_x2_x3_x4_x5","NA"
"0.43958199999999675","1.8547763713080032E-4","6.790253901764882E-4","0.008626","x2=v5_x3=v1_x4=v4_x5=v2_class=class1","0.0","x2=v1_x3=v4_x4=v1_x5=v5_class=class5","x2_x3_x4_x5_class","NA"
"0.444479999999995","2.319832985386195E-4","0.0011936860890092887","0.0155645","x1=v1_x3=v1_x4=v4_x5=v2_class=class2","0.0","x1=v3_x3=v1_x4=v3_x5=v5_class=class2","x1_x3_x4_x5_class","NA"
"0.44621199999999644","2.5138704225351915E-4","0.001566289681797909","0.0229395","x1=v1_x2=v5_x4=v3_x5=v2_class=class1","0.0","x1=v4_x2=v1_x4=v5_x5=v5_class=class5","x1_x2_x4_x5_class","NA"
"0.44731499999999724","2.800970569818392E-4","0.0014328334122913789","0.0173045","x1=v1_x2=v5_x3=v3_x5=v2_class=class2","0.0","x1=v5_x2=v2_x3=v1_x5=v3_class=class3","x1_x2_x3_x5_class","NA"
"0.4517739999999985","3.01584779706274E-4","0.0011006330313178435","0.012577999999999999","x1=v1_x2=v5_x3=v1_x4=v4_class=class1","0.0","x1=v4_x2=v2_x3=v1_x4=v4_class=class5","x1_x2_x3_x4_class","NA"
