"Distance","mean","sd","max_val","max_att","min_val","min_att","attributes","class_values"
"0.42648496789251716","1.673146205933767E-4","2.2893651818694578E-4","0.0029799236808231737","x2=v2_x3=v1_x4=v1_x5=v1_class=class1","4.311950855695112E-8","x2=v1_x3=v2_x4=v2_x5=v1_class=class1","x2_x3_x4_x5_class","*"
"0.4855641708762772","2.86976460328769E-4","7.376108812981344E-4","0.011628","x1=v2_x2=v2_x3=v1_x5=v1_class=class1","0.0","x1=v4_x2=v1_x3=v4_x5=v5_class=class5","x1_x2_x3_x5_class","*"
"0.5263345670372682","2.3413459387778835E-4","4.178770148819063E-4","0.0054925","x1=v1_x3=v1_x4=v1_x5=v1_class=class2","0.0","x1=v4_x3=v4_x4=v4_x5=v5_class=class5","x1_x3_x4_x5_class","*"
"0.535302026869089","3.4182760336468006E-4","5.073262746343219E-4","0.0041415","x1=v1_x2=v2_x3=v1_x4=v1_class=class2","0.0","x1=v4_x2=v1_x3=v4_x4=v2_class=class5","x1_x2_x3_x4_class","*"
"0.5405659393415567","2.815447600737275E-4","4.58427907626811E-4","0.0047865","x1=v1_x2=v2_x4=v1_x5=v1_class=class2","0.0","x1=v4_x2=v1_x4=v2_x5=v5_class=class5","x1_x2_x4_x5_class","*"
