"Distance","mean","sd","max_val","max_att","min_val","min_att","attributes","class_values"
"0.7590503182029885","9.896353561968559E-4","0.0020900252701780797","0.029969509548056935","x1=v2_x2=v2_x3=v1_x4=v1_x5=v1_class=class1","2.5536391912113952E-6","x1=v2_x2=v5_x3=v4_x4=v5_x5=v5_class=class1","x1_x2_x3_x4_x5_class","class1"
"0.8042616283421395","6.229756997228037E-4","9.566129507455523E-4","0.01393747915098683","x1=v1_x2=v2_x3=v1_x4=v1_x5=v1_class=class2","6.937347344845857E-8","x1=v5_x2=v4_x3=v2_x4=v5_x5=v1_class=class2","x1_x2_x3_x4_x5_class","class2"
"0.8148107155146865","6.807107063614758E-4","0.0012854513191653553","0.015278334267428265","x1=v4_x2=v3_x3=v3_x4=v1_x5=v1_class=class3","3.2760275542606044E-6","x1=v4_x2=v5_x3=v2_x4=v1_x5=v2_class=class3","x1_x2_x3_x4_x5_class","class3"
"0.6973992862435214","0.0013035500677448999","0.0018943713944726632","0.019393729772463373","x1=v2_x2=v4_x3=v1_x4=v1_x5=v1_class=class4","4.117564707529379E-6","x1=v2_x2=v5_x3=v5_x4=v2_x5=v2_class=class4","x1_x2_x3_x4_x5_class","class4"
"0.602463544129448","7.087806401522917E-4","0.001045936167086763","0.012699188565424725","x1=v5_x2=v3_x3=v1_x4=v1_x5=v1_class=class5","2.6271404626919783E-6","x1=v2_x2=v2_x3=v3_x4=v3_x5=v3_class=class5","x1_x2_x3_x4_x5_class","class5"
