"Distance","mean","sd","max_val","max_att","min_val","min_att","attributes","class_values"
"0.4393340000000001","2.789422222222223E-4","4.413680258817907E-4","0.0068615","x1=v2_x2=v2_x4=v3_x5=v1_class=class1","4.999999999999986E-7","x1=v4_x2=v4_x4=v3_x5=v3_class=class1","x1_x2_x4_x5_class","NA"
"0.44095599999999957","3.204622093023253E-4","5.865226691952454E-4","0.011704","x1=v2_x2=v2_x3=v3_x5=v1_class=class1","9.9999999999997E-7","x1=v3_x2=v4_x3=v3_x5=v2_class=class1","x1_x2_x3_x5_class","NA"
"0.44909000000000027","3.6871100164203636E-4","5.583500680562511E-4","0.009551","x1=v2_x2=v2_x3=v3_x4=v3_class=class1","9.9999999999997E-7","x1=v3_x2=v4_x3=v3_x4=v5_class=class1","x1_x2_x3_x4_class","NA"
"0.4496999999999995","2.57265446224256E-4","4.4526850677015505E-4","0.007488","x1=v2_x3=v3_x4=v3_x5=v1_class=class1","0.0","x1=v3_x3=v5_x4=v3_x5=v2_class=class3","x1_x3_x4_x5_class","NA"
"0.4643660000000002","2.50062466343565E-4","4.265581735311121E-4","0.008014","x2=v2_x3=v3_x4=v3_x5=v1_class=class1","5.000000000000122E-7","x2=v3_x3=v5_x4=v3_x5=v1_class=class5","x2_x3_x4_x5_class","NA"
"0.4953660000000009","1.5851712000000028E-4","2.901615053907968E-4","0.0068615","x1=v2_x2=v2_x3=v3_x4=v3_x5=v1","4.999999999999986E-7","x1=v4_x2=v4_x3=v2_x4=v3_x5=v3","x1_x2_x3_x4_x5","NA"
