"attribute_subset","conditioned_value","probability_of_condition","drift","mean","sd","max_value","max_attribute","min_value","min_attribute"
"x1_x2_x3_x4_x5_class","class=class1","0.15293050000000002","0.8652208206594889","2.768706626110371E-4","0.0011198004913451124","0.029058713125790527","x1=v2_x2=v2_x3=v2_x4=v2_x5=v1","0.0","x1=v1_x2=v1_x3=v1_x4=v1_x5=v1"
"x1_x2_x3_x4_x5_class","class=class2","0.16549149999999999","0.9671696922038555","3.0949430150523213E-4","0.0013225098274475039","0.034174618217847376","x1=v2_x2=v3_x3=v2_x4=v3_x5=v4","0.0","x1=v1_x2=v1_x3=v1_x4=v1_x5=v1"
"x1_x2_x3_x4_x5_class","class=class3","0.274022","0.9720717128765648","3.1106294812050135E-4","0.0010579415070667791","0.02270827453668239","x1=v2_x2=v3_x3=v1_x4=v3_x5=v1","0.0","x1=v3_x2=v1_x3=v1_x4=v1_x5=v1"
"x1_x2_x3_x4_x5_class","class=class4","0.28464750000000005","0.967451276421375","3.0958440845483653E-4","0.0013175326521345137","0.029790519730929967","x1=v2_x2=v3_x3=v2_x4=v3_x5=v2","0.0","x1=v2_x2=v1_x3=v1_x4=v1_x5=v1"
"x1_x2_x3_x4_x5_class","class=class5","0.1229085","0.9148622375717161","2.927559160229494E-4","0.0021079938897990255","0.07951983021620905","x1=v2_x2=v3_x3=v2_x4=v3_x5=v1","0.0","x1=v1_x2=v1_x3=v1_x4=v1_x5=v1"
