"attribute_subset","drift","mean","sd","max_value","max_attribute","min_value","min_attribute"
"x4_class","0.13017442005397212","0.0259611390213319","0.01675783334957477","0.06528322547470404","x4=v1_class=class5","0.001439391551933733","x4=v5_class=class5"
"x5_class","0.2073466890775561","0.040120938266192153","0.02966978788293","0.09908928209779427","x5=v2_class=class4","0.003923848925740256","x5=v4_class=class5"
"x3_class","0.3124995435000649","0.06133263202586857","0.044535001187316334","0.1639751519879752","x3=v2_class=class2","7.007596827596219E-4","x3=v4_class=class5"
"x2_class","0.37029058946804966","0.07349192456090599","0.05313209903793315","0.21277498531411482","x2=v3_class=class3","0.00221124387329652","x2=v4_class=class5"
"x1_class","0.6048624586749495","0.1133021342570726","0.10997089574014444","0.373915019841334","x1=v2_class=class4","0.0","x1=v1_class=class1"
