"attribute_subset","drift","mean","sd","max_value","max_attribute","min_value","min_attribute"
"x5_class","0.23875862438566714","0.04786735949982474","0.03266244694250196","0.11041353827819173","x5=v1_class=class3","0.0030089461604574375","x5=v2_class=class2"
"x4_class","0.2440019896428804","0.04839717232375274","0.0374897368892224","0.15007312869918296","x4=v3_class=class3","0.0028080454590001525","x4=v2_class=class2"
"x3_class","0.26964393041385837","0.05731812734997937","0.04890278113567366","0.20516421484685604","x3=v1_class=class3","0.0011932600359350065","x3=v4_class=class5"
"x2_class","0.308742265571695","0.07109869777984787","0.073612536247991","0.3576459606245757","x2=v1_class=class2","0.0012360755683799018","x2=v5_class=class5"
"x1_class","0.3418208319861272","0.06949325126958185","0.130181512167831","0.4999976643917843","x1=v1_class=class3","0.0","x1=v1_class=class1"
