"attribute_subset","drift","mean","sd","max_value","max_attribute","min_value","min_attribute"
"x4_class","0.24473899999999998","0.009789560000000003","0.008434422437476989","0.034532999999999994","x4=v3_class=class3","2.4249999999999966E-4","x4=v1_class=class3"
"x5_class","0.31562499999999993","0.012625","0.009815373242396355","0.036365999999999996","x5=v2_class=class3","1.294999999999994E-4","x5=v2_class=class5"
"x3_class","0.351635","0.014065399999999981","0.01434905617427047","0.0660255","x3=v1_class=class3","7.199999999999984E-4","x3=v2_class=class5"
"x2_class","0.42814699999999994","0.01712588000000001","0.017717284333730404","0.0976265","x2=v3_class=class3","0.002831","x2=v2_class=class1"
"x1_class","0.642658","0.02570632000000001","0.02933779738116536","0.107038","x1=v1_class=class4","0.0","x1=v1_class=class1"
