"Distance","mean","sd","max_val","max_att","min_val","min_att","Attributes"
"0.06725103915221498","0.010985628625866453","0.0","0.020753681758221895","_Airline=7.0","0.0","_Airline=0.0","_Airline"
"0.1301915896340626","0.0","0.0","0.010480454786144833","_AirportFrom=6.0","0.0","_AirportFrom=0.0","_AirportFrom"
"0.06859331605429925","0.0359112899027678","0.0","0.04089128800176527","_Flight=0.0","0.0","_Flight=2.0","_Flight"
"0.14294692815110652","0.0","0.0","0.009309886165666538","_AirportTo=24.0","0.0","_AirportTo=0.0","_AirportTo"
"0.10619004712800945","0.03332402123522416","0.0","0.03361188023886794","_Time=1.0","0.0","_Time=1.0","_Time"
"0.06339848196639863","0.03258580510233339","0.0","0.03508825527588081","_Length=4.0","0.0","_Length=3.0","_Length"
"0.16822585848248545","0.0","0.0","0.039526489187969284","_DayOfWeek=3.0","0.0","_DayOfWeek=3.0","_DayOfWeek"
