"Distance","mean","sd","max_val","max_att","min_val","min_att","Attributes"
"0.06339848196639863","0.012679696393279727","0.009078145396738605","0.02269263712915895","_Length=1.0_Delay=0.0","0.0010549109907264376","_Length=4.0_Delay=0.0","_Length_Delay"
"0.06725103915221498","0.003736168841789721","0.003489039195395228","0.009603583360215953","_Airline=4.0_Delay=0.0","3.763566451976501E-4","_Airline=3.0_Delay=0.0","_Airline_Delay"
"0.06859331605429925","0.01371866321085985","0.00490767612255957","0.021265077440478203","_Flight=1.0_Delay=1.0","0.00855423429035454","_Flight=0.0_Delay=0.0","_Flight_Delay"
"0.10619004712800945","0.02123800942560189","0.002029230069189074","0.02293550767359681","_Time=2.0_Delay=1.0","0.01796685836753914","_Time=0.0_Delay=0.0","_Time_Delay"
"0.1301915896340626","4.443398963619884E-4","8.453326086220061E-4","0.004814769495459621","_AirportFrom=54.0_Delay=1.0","0.0","_AirportFrom=204.0_Delay=0.0","_AirportFrom_Delay"
"0.14294692815110652","4.8787347491845227E-4","8.542844826476057E-4","0.005441412579581813","_AirportTo=7.0_Delay=1.0","0.0","_AirportTo=133.0_Delay=1.0","_AirportTo_Delay"
"0.16822585848248545","0.024032265497497922","0.01866715237915111","0.058759839964996965","_DayOfWeek=2.0_Delay=0.0","0.0031795647611525674","_DayOfWeek=5.0_Delay=0.0","_DayOfWeek_Delay"
