"Distance","mean","sd","max_val","max_att","min_val","min_att","Attributes"
"5.605168718508218E-5","3.2155794865071835E-6","0.0","9.6935952365845E-4","_AirportFrom=54.0_Delay=0.0","0.0","_AirportFrom=67.0_Delay=1.0","_AirportFrom_Delay"
"5.7104852715423195E-5","6.14024657430047E-8","0.0","0.0011230828927078116","_AirportTo=7.0_Delay=0.0","0.0","_AirportTo=58.0_Delay=1.0","_AirportTo_Delay"
"0.0017612996396662315","1.2105533930633524E-4","0.0","0.0033625414624087273","_Airline=4.0_Delay=0.0","8.376143257907799E-6","_Airline=9.0_Delay=1.0","_Airline_Delay"
"0.015103934446680506","0.014412871819429037","0.0","0.014412871819429037","_Length=1.0_Delay=0.0","6.438848648804358E-4","_Length=4.0_Delay=0.0","_Length_Delay"
"0.01544959042408533","0.008699595498749577","0.0","0.009219993192454364","_Flight=3.0_Delay=1.0","0.005288260111850489","_Flight=0.0_Delay=0.0","_Flight_Delay"
"0.020928910539084283","0.01398755473714301","0.0","0.01398755473714301","_Time=2.0_Delay=0.0","0.005647711253094281","_Time=2.0_Delay=1.0","_Time_Delay"
"0.02216194669540533","0.0034427958806454184","0.0","0.029901194022478518","_DayOfWeek=2.0_Delay=0.0","0.0011117294173050034","_DayOfWeek=5.0_Delay=0.0","_DayOfWeek_Delay"
