"Distance","mean","sd","max_val","max_att","min_val","min_att","Attributes"
"0.0014511331536910415","4.7793630826271054E-4","0.0","0.0015916647480793537","_day=1.0_class=1.0","1.248913060283609E-4","_day=2.0_class=0.0","_day_class"
"0.004110741638886894","6.811881127010899E-4","0.0","0.006553262454078588","_nswdemand=0.0_class=0.0","4.7023409975830924E-4","_nswdemand=0.0_class=1.0","_nswdemand_class"
"0.004660284425971143","0.0023994761165648253","0.0","0.0025321602223952826","_period=1.0_class=1.0","0.0017874383870076455","_period=0.0_class=1.0","_period_class"
"0.08461339850046581","0.030007411770855776","0.0","0.07409286803429681","_nswprice=3.0_class=0.0","0.006386330941317845","_nswprice=1.0_class=1.0","_nswprice_class"
"0.14434049784644418","0.02541980124245906","0.0","0.2400232680533611","_transfer=1.0_class=1.0","0.020157865135686983","_transfer=2.0_class=1.0","_transfer_class"
"0.17024575622825497","0.013151392927117747","0.0","0.23936923395157045","_vicdemand=2.0_class=1.0","0.013151392927117747","_vicdemand=1.0_class=1.0","_vicdemand_class"
"0.1708424107761828","0.06278474890476875","0.0","0.2393247536244","_vicprice=3.0_class=1.0","0.0012472376083261512","_vicprice=2.0_class=1.0","_vicprice_class"
