"Distance","mean","sd","max_val","max_att","min_val","min_att","Attributes"
"0.010659427966101712","0.001522775423728816","0.0012658572033633485","0.003244173728813568","_day=3.0_class=0.0","3.089689265536738E-4","_day=2.0_class=0.0","_day_class"
"0.020082980225988686","0.004016596045197737","1.986228813559282E-4","0.0041269420903954634","_period=1.0_class=0.0","0.0036634887005649736","_period=0.0_class=1.0","_period_class"
"0.0491260593220339","0.00982521186440678","0.005751906550858959","0.014455331920903952","_nswdemand=0.0_class=1.0","0.003553142655367242","_nswdemand=1.0_class=0.0","_nswdemand_class"
"0.44440766242937857","0.08888153248587571","0.03423403349523121","0.12277100988700566","_nswprice=3.0_class=0.0","0.05091366525423728","_nswprice=1.0_class=1.0","_nswprice_class"
"1.0692531779661016","0.21385063559322032","0.18900799633476173","0.5508915960451978","_transfer=1.0_class=1.0","0.11462747175141241","_transfer=2.0_class=1.0","_transfer_class"
"1.1134136652542375","0.2226827330508475","0.19820005017091638","0.5524585098870057","_vicprice=3.0_class=1.0","0.028601694915254237","_vicprice=2.0_class=1.0","_vicprice_class"
"1.1171433615819208","0.22342867231638416","0.18810039286813887","0.5524805790960452","_vicdemand=2.0_class=1.0","0.10184939971751411","_vicdemand=1.0_class=0.0","_vicdemand_class"
