"Distance","mean","sd","max_val","max_att","min_val","min_att","Attributes"
"0.0","0.0","0.0","0.0","_period=-1.0","0.0","_period=0.0","_period"
"0.006311793785310715","9.016848264729593E-4","3.97741718397688E-4","0.0010593220338983023","_day=1.0","0.0","_day=0.0","_day"
"0.018008474576271194","0.0036016949152542386","0.003094351808835034","0.007150423728813568","_nswdemand=2.0","7.944915254237267E-4","_nswdemand=3.0","_nswdemand"
"0.39433262711864414","0.07886652542372882","0.06042728492813098","0.17792196327683618","_nswprice=0.0","0.019244350282485875","_nswprice=1.0","_nswprice"
"0.7673022598870056","0.15346045197740113","0.1290631059002723","0.3836511299435028","_transfer=1.0","0.0791401836158192","_transfer=2.0","_transfer"
"0.7690236581920904","0.15380473163841807","0.1394395312323281","0.3845118290960452","_vicprice=3.0","0.020369879943502825","_vicprice=2.0","_vicprice"
"0.7691119350282487","0.15382238700564974","0.13190179606907246","0.3845559675141243","_vicdemand=2.0","0.07221045197740113","_vicdemand=1.0","_vicdemand"
