"Distance","mean","sd","max","min","Attributes"
"0.0","0.0","0.0","0.0_period=-1.0","0.0_period=0.0","_period"
"0.006311793785310715","9.016848264729593E-4","3.97741718397688E-4","0.0010593220338983023_day=1.0","0.0_day=0.0","_day"
"0.018008474576271194","0.0036016949152542386","0.003094351808835034","0.007150423728813568_nswdemand=2.0","7.944915254237267E-4_nswdemand=3.0","_nswdemand"
"0.39433262711864414","0.07886652542372882","0.06042728492813098","0.17792196327683618_nswprice=0.0","0.019244350282485875_nswprice=1.0","_nswprice"
"0.7673022598870056","0.15346045197740113","0.1290631059002723","0.3836511299435028_transfer=1.0","0.0791401836158192_transfer=2.0","_transfer"
"0.7690236581920904","0.15380473163841807","0.1394395312323281","0.3845118290960452_vicprice=3.0","0.020369879943502825_vicprice=2.0","_vicprice"
"0.7691119350282487","0.15382238700564974","0.13190179606907246","0.3845559675141243_vicdemand=2.0","0.07221045197740113_vicdemand=1.0","_vicdemand"
"0.8008474576271186","0.16016949152542373","0.08893418440007768","0.20021186440677965_date=0.0","0.0010813912429378514_date=2.0","_date"
