"4-ple"	"Distance"
"0123"	"0.5046526994348391"
"0134"	"0.8110115592962188"
"0234"	"0.8143158206475857"
"1234"	"0.8313550255284364"
"0124"	"0.8388496169437782"
