"3-ple"	"Distance"
"023"	"0.33203478987302043"
"013"	"0.3992814501362801"
"123"	"0.4754989941242853"
"012"	"0.48543263672674225"
"034"	"0.7869518427936396"
"024"	"0.7886751314530964"
"014"	"0.7930537340881911"
"234"	"0.7947526115340505"
"134"	"0.79789306946333"
"124"	"0.8201309239375115"
