"Distance","mean","sd","max","min","Attributes"
"0.01399223894743766","0.002798447789487532","0.0022444040620260486","0.00540228362709827_Rcdminutes=3.0","3.8111507242537257E-4_Rcdminutes=4.0","_Rcdminutes"
"0.06401742137361803","0.012803484274723605","0.008728673369227937","0.023737252241416124_Light=1.0","0.001588880449697766_Light=3.0","_Light"
"0.31271798115327404","0.06254359623065481","0.03087021791498189","0.10497963331864733_Humidity=0.0","0.02105097661863535_Humidity=3.0","_Humidity"
"0.35118627697425264","0.07023725539485053","0.06345881500909539","0.17559313848712632_Temperature=4.0","0.016716806273712692_Temperature=1.0","_Temperature"
"0.7369125714816006","0.14738251429632013","0.07942285352258315","0.20052419089630516_Voltage=0.0","0.008231364779381217_Voltage=2.0","_Voltage"
