"2-ple"	"Distance"
"03"	"0.0775808500213611"
"23"	"0.3179110424700055"
"02"	"0.32002943020112173"
"01"	"0.3712325223514775"
"13"	"0.3713112805441736"
"12"	"0.450568145003569"
"24"	"0.7527436946368949"
"04"	"0.7693284378692478"
"34"	"0.7701941979527649"
"14"	"0.7810002576183336"
