"Distance","mean","sd","max_val","max_att","min_val","min_att","Attributes"
"0.00942403485513797","3.9903521308999953E-4","3.2825850914390073E-19","3.9903521308999986E-4","_Rcdminutes=0.0_Class=25.0","6.141832312076489E-5","_Rcdminutes=0.0_Class=2.0","_Rcdminutes_Class"
"0.018873312445525488","4.060207217391859E-6","2.5645196026867245E-21","8.275440528538081E-4","_Light=2.0_Class=5.0","4.060207217391862E-6","_Light=2.0_Class=25.0","_Light_Class"
"0.026171153328118646","4.503489629747688E-4","2.735487576199173E-19","7.924888218700493E-4","_Temperature=0.0_Class=23.0","7.755140287902227E-5","_Temperature=1.0_Class=2.0","_Temperature_Class"
"0.030517926145363222","1.3424218036741617E-4","1.0941950304796692E-19","9.465557054912431E-4","_Humidity=2.0_Class=2.0","1.3424218036741628E-4","_Humidity=2.0_Class=25.0","_Humidity_Class"
"0.1114714382661071","0.002103115783357059","3.0637460853430734E-18","0.0029410629461804677","_Voltage=4.0_Class=23.0","1.9628092135146933E-4","_Voltage=4.0_Class=5.0","_Voltage_Class"
