"points","all_attributes","x1","x2","x3","x4","x5"
"399999","0.029007572518931556","9.550023875059439E-4","0.001487503718759258","0.0016950042375106153","0.001382503456258663","0.0011925029812574657"
"799998","0.3514733786834481","0.2526556316390791","0.13618784046960114","0.13645034112585283","0.026227565568913924","0.08634771586928969"
"1199997","0.350450876127193","0.2502506256265641","0.1340453351133378","0.1346428366070915","0.02492006230015574","0.09026272565681415"
"1599996","0.0482276205690517","0.0017750044375110796","0.0013750034375085846","0.0017775044437610965","0.003092507731269345","0.0010275025687564165"
