"points","all_attributes","x1_x2","x1_x3","x1_x4","x1_x5","x2_x3","x2_x4","x2_x5","x3_x4","x3_x5","x4_x5"
"500000","0.025416000000000043","0.003549999999999982","0.0033239999999999954","0.002490000000000016","0.002836000000000001","0.002812000000000009","0.002211999999999989","0.0033960000000000054","0.00322600000000002","0.003968000000000006","0.003022000000000003"
"1000000","0.6996780000000018","0.542998","0.5156700000000001","0.504752","0.529458","0.466344","0.31004999999999994","0.375342","0.3041220000000001","0.352812","0.194468"
