"points","all_attributes","x1_x2","x1_x3","x1_x4","x1_x5","x2_x3","x2_x4","x2_x5","x3_x4","x3_x5","x4_x5"
"222221","0.04001872010296095","0.0057285315069232935","0.004608025344139406","0.006034533189932541","0.004306523685880262","0.005265028957659261","0.00780754294148619","0.004594525269888991","0.006034533189932554","0.005346029403161709","0.006898537941958676"
"444442","0.03836721101966088","0.006223534229438253","0.0052290287596581594","0.00586803227417752","0.004621525418389788","0.005647531061420818","0.005310029205160616","0.00580953195242573","0.006088533486934183","0.005841032125676697","0.005004027522151374"
"666663","0.037998208990149746","0.004932027126149191","0.0047835263093947","0.004374024057132312","0.005832032076176418","0.003852021186116532","0.0062280342541883955","0.004401024205633109","0.005454029997164988","0.006358534971942362","0.004684525764891708"
"888884","0.3520324361783973","0.2720264961457288","0.25793241862830246","0.25343239387816635","0.2650154575850167","0.23162527393900667","0.15314934232138275","0.18854653700595353","0.15219533707435395","0.1759419676808223","0.09815003982521903"
"1111105","0.3533374433559373","0.2692409808253945","0.2570684138762763","0.24990887449880966","0.2632244477344626","0.23385278619032407","0.15532285427569853","0.18796153378843586","0.153851346182404","0.17781397797687884","0.09539602467813575"
"1333326","0.0655878607332346","0.00650703578869684","0.0059940329671813244","0.004833026581646202","0.005215528685407771","0.005499030244666352","0.006970538337960859","0.006304534674940706","0.005895032422678324","0.004828526556896057","0.0065790361846990095"
"1555547","0.06390485147668352","0.006340534872941793","0.006309034699690864","0.006079533437433903","0.003924021582118683","0.005314529229910761","0.006187534031437169","0.004936527150899332","0.007375540565473111","0.006232534278938537","0.004072522398873195"
"1777768","0.06536285949572758","0.006124533684935259","0.0057150314326729","0.006583536209449152","0.006336034848191667","0.0049185270518987845","0.004999527497401233","0.005026527645902055","0.004662025641141024","0.005098528041904223","0.006219034204688136"
