"points","all_attributes","x1","x2","x3","x4","x5"
"500000","0.025416000000000008","9.440000000000212E-4","0.0011480000000000067","0.001443999999999994","6.659999999999999E-4","0.0016320000000000189"
"1000000","0.699678","0.503874","0.27050599999999997","0.27028399999999997","0.05064400000000002","0.175734"
