"points","all_attributes","x1","x2","x3","x4","x5"
"666666","0.35058335058335066","0.25273825273825273","0.13527613527613525","0.13515613515613512","0.02626052626052626","0.08735108735108736"
"1333332","0.34980334980334965","0.2517317517317518","0.13505263505263507","0.1344811344811345","0.02698052698052697","0.08936558936558936"
