"points","all_attributes","x1_x2_x3","x1_x2_x4","x1_x2_x5","x1_x3_x4","x1_x3_x5","x1_x4_x5","x2_x3_x4","x2_x3_x5","x2_x4_x5","x3_x4_x5"
"500000","0.025416000000000015","0.0064880000000000024","0.006010000000000001","0.006611999999999989","0.006505999999999988","0.007381999999999996","0.007591999999999991","0.006358000000000003","0.007115999999999991","0.007371999999999998","0.008448"
"1000000","0.6996779999999992","0.6034839999999994","0.5614759999999998","0.5746359999999999","0.5463540000000002","0.5517039999999998","0.536724","0.5204460000000001","0.53064","0.3974520000000002","0.3886359999999999"
