"points","all_attributes","x1_x2_x3","x1_x2_x4","x1_x2_x5","x1_x3_x4","x1_x3_x5","x1_x4_x5","x2_x3_x4","x2_x3_x5","x2_x4_x5","x3_x4_x5"
"399999","0.029007572518931588","0.006165015412538533","0.006805017012542539","0.006085015212538023","0.00746501866254666","0.007127517818794546","0.007492518731296826","0.007425018562546411","0.0071675179187948015","0.00839752099380249","0.008687521718804294"
"799998","0.3514733786834484","0.30251575628939065","0.2824832062080155","0.2879457198642997","0.2734631836579591","0.276960692401731","0.2688331720829302","0.26076565191412976","0.2646181615454037","0.19816549541373854","0.19430548576371443"
"1199997","0.35045087612719167","0.3006107515268788","0.2785481963704909","0.28626321565803914","0.27223318058295154","0.27524568811422034","0.26724566811417033","0.2598381495953741","0.26552066380165934","0.1985004962512406","0.19489548723871802"
"1599996","0.04822762056905167","0.009460023650059119","0.010060025150062876","0.009270023175057932","0.011125027812569525","0.00832252080630202","0.008605021512553785","0.010070025175062936","0.009082522706306762","0.00951252378130946","0.010120025300063248"
