"points","all_attributes","x1_x2_x3","x1_x2_x4","x1_x2_x5","x1_x3_x4","x1_x3_x5","x1_x4_x5","x2_x3_x4","x2_x3_x5","x2_x4_x5","x3_x4_x5"
"666666","0.35058335058335105","0.3012003012003009","0.28099228099228096","0.28718728718728714","0.27381027381027395","0.2772947772947773","0.26942126942126937","0.2600972600972601","0.2642657642657644","0.1990501990501991","0.19468069468069468"
"1333332","0.34980334980334954","0.3008538008538006","0.2801552801552801","0.2872877872877873","0.27244377244377255","0.27589227589227594","0.26859476859476866","0.25830325830325834","0.2652632652632652","0.19810969810969817","0.19472119472119462"
