"points","all_attributes","x1","x2","x3","x4","x5"
"222221","0.040018720102960856","0.0022320122760674972","0.0032895180923495342","0.0013995076972923293","0.004527024898636947","0.0021915120533163024"
"444442","0.038367211019660986","0.0026730147015808503","0.0037305205178628734","0.0030825169538432617","0.00196651081580948","0.002133011731564511"
"666663","0.037998208990149794","0.002835015592585751","0.0023895131423222957","0.002484013662075124","0.002475013612574878","0.002200512102816606"
"888884","0.3520324361783971","0.2523838881113846","0.13717425445839954","0.13457774017757096","0.02624864436754401","0.08716997943488689"
"1111105","0.3533374433559369","0.24977837378105583","0.13424023832131077","0.13688175284964066","0.023026626646446557","0.08883498859243724"
"1333326","0.06558786073323444","0.002569514132327727","0.0025335139343266103","0.0027360150480827683","0.002452513488824193","0.002695514825331563"
"1555547","0.06390485147668344","0.001926010593058261","0.0015840087120479046","0.0036270199486097277","0.0028890158895873985","0.0013635074992912333"
"1777768","0.06536285949572761","0.0027090148995819463","0.0022500123750680764","0.001237506806287439","0.0027450150975830423","0.0024435134393239466"
