"points","all_attributes","x1_x2_x3","x1_x2_x4","x1_x2_x5","x1_x3_x4","x1_x3_x5","x1_x4_x5","x2_x3_x4","x2_x3_x5","x2_x4_x5","x3_x4_x5"
"222221","0.040018720102960904","0.010471557593566758","0.012973571354642445","0.009684053262292934","0.011857565216608685","0.009486052173286946","0.011668564177102965","0.012492068706377892","0.009081049945774706","0.012735070042885226","0.013626074943412187"
"444442","0.03836721101966083","0.010174555960057778","0.010732559029074653","0.010417557296565128","0.010381557098564032","0.008766048213265158","0.01144356293959617","0.010818059499327234","0.010503057766817717","0.012555069052879793","0.011529063409848755"
"666663","0.037998208990149704","0.008055044302743657","0.010939560167580912","0.008590547248009867","0.010894559920079563","0.010903559969579825","0.00963005296529131","0.010161055885807369","0.009369051529783411","0.00932405128228206","0.011047560761584188"
"888884","0.35203243617839747","0.3027301650159077","0.2820075510415307","0.2879160835384594","0.2722109971604842","0.27673352203437135","0.2691284802066411","0.2596199279096035","0.2640749524122382","0.19756008658047608","0.1941895680426243"
"1111105","0.35333744335593686","0.3001876510320808","0.2794920372062047","0.2860575733166532","0.2735430044865247","0.2754195148073315","0.2666489665693161","0.2612489368691528","0.26642846535655945","0.19999909999504994","0.1957645767051718"
"1333326","0.06558786073323439","0.013315573235652797","0.013486574176157973","0.013945576700671848","0.01296457130514218","0.012784570315136738","0.012609069349881425","0.014971582343702883","0.013590074745411098","0.015313584224713236","0.013576574671160684"
"1555547","0.06390485147668341","0.012807070438887421","0.014197578086679478","0.012015066082863457","0.014773581254696896","0.01255956907762992","0.009886554376049062","0.013482074151407841","0.011029560662583652","0.01185306519185856","0.01321207266639967"
"1777768","0.06536285949572769","0.013000571503143273","0.013392073656405105","0.012820570513137824","0.012478568632127476","0.012474068607377351","0.014148077814427978","0.012330067815372985","0.011538063459349025","0.011826065043357734","0.01149756323659781"
