"points","all_attributes","x1_x2","x1_x3","x1_x4","x1_x5","x2_x3","x2_x4","x2_x5","x3_x4","x3_x5","x4_x5"
"399999","0.029007572518931605","0.002560006400015994","0.0029200073000182716","0.0037825094562736403","0.0027325068312670916","0.0029475073687684223","0.0036250090625226544","0.0036575091437728567","0.0044950112375281145","0.0040625101562753885","0.0031800079500198773"
"799998","0.3514733786834488","0.2729981824954562","0.25873064682661706","0.25331813329533326","0.2642581606454016","0.23344308360770905","0.15455038637596596","0.1872804682011705","0.1527028817572044","0.17652544131360326","0.09632774081935203"
"1199997","0.35045087612719217","0.2699631749079373","0.2565131412828532","0.2504781261953155","0.2639631599078998","0.23322558306395763","0.15514538786346968","0.1883779709449274","0.1519228798071995","0.17605544013860033","0.09821774554436384"
"1599996","0.04822762056905169","0.00467001167502918","0.004412511031277577","0.005170012925032313","0.0029400073500183733","0.004482511206278027","0.004862512156280389","0.003687509218773052","0.004895012237530581","0.004282510706276768","0.004620011550028877"
