"points","all_attributes","x1_x2","x1_x3","x1_x4","x1_x5","x2_x3","x2_x4","x2_x5","x3_x4","x3_x5","x4_x5"
"666666","0.35058335058335105","0.2721542721542722","0.25844425844425845","0.25362775362775364","0.2648612648612648","0.23248673248673246","0.15525015525015523","0.1872871872871873","0.1527361527361528","0.17571767571767566","0.0974100974100974"
"1333332","0.34980334980334893","0.27157677157677157","0.2574422574422574","0.25236025236025234","0.2647412647412648","0.23278973278973278","0.1544656544656545","0.18882468882468886","0.15155415155415153","0.17660867660867657","0.0987135987135987"
