"points","all_attributes","x1_x2_x3","x1_x2_x4","x1_x2_x5","x1_x3_x4","x1_x3_x5","x1_x4_x5","x2_x3_x4","x2_x3_x5","x2_x4_x5","x3_x4_x5"
"222221","0.04001872010296099","0.0154620850414677","0.02002511013810575","0.01621358917474045","0.01945810701958859","0.01655559105575078","0.01971910845509647","0.02002961016285589","0.017568096624531408","0.023418128799708338","0.022824125532690417"
"444442","0.038367211019661084","0.01498508241795328","0.01702359362976493","0.016834592590259212","0.017707597391785613","0.01712709419901806","0.019557107564091583","0.017338595362274466","0.018283600559803062","0.021600118800653385","0.02283312558219064"
"666663","0.037998208990149815","0.012978071379392575","0.016231589273740975","0.015601585808721924","0.01783809810953957","0.0169065929862614","0.017824598035289168","0.0173925956592761","0.017703097367035476","0.01874260308431696","0.022095121523168365"
"888884","0.4745861102236019","0.4009342051381286","0.3874881311847213","0.3765755711656419","0.3729440511922813","0.36624351433932867","0.3546649506572286","0.36231049270770965","0.34515189833544085","0.30957920268561506","0.2840100620553414"
"1111105","0.47383460609032957","0.4011097061033831","0.38590412247267325","0.3737090553998041","0.3724715485935171","0.36571701144356267","0.3528019404106723","0.36249949374721546","0.3473164102402563","0.3086116973643354","0.2854230698268842"
"1333326","0.06558786073323453","0.02235162293392611","0.023103127067198866","0.024174132957731267","0.02416513290823098","0.025146138303760654","0.024678135729746507","0.026559146075303373","0.028858658722622964","0.029016159588877728","0.02925916092538509"
"1555547","0.06390485147668352","0.022450623478429143","0.02209512152316836","0.02374213058171821","0.025020137610756846","0.0243541339477367","0.02397613186872526","0.025938142659784613","0.025416139788768822","0.02763915201533607","0.028665157658367107"
"1777768","0.06536285949572757","0.02061911340512371","0.022941126176193944","0.02392213157172364","0.02348112914621029","0.023935631645974047","0.025281139046264736","0.024943637190004544","0.026923648080064446","0.026527645902052466","0.028044154242848347"
