"points","all_attributes","x1_x2","x1_x3","x1_x4","x1_x5","x2_x3","x2_x4","x2_x5","x3_x4","x3_x5","x4_x5"
"500000","0.025415999999999998","0.0058540000000000154","0.005106000000000007","0.005975999999999998","0.005804000000000009","0.006920000000000015","0.006822000000000002","0.0066560000000000005","0.0070500000000000024","0.007820000000000004","0.007090000000000002"
"1000000","0.9462759999999982","0.7067019999999998","0.6876560000000003","0.6554479999999999","0.667682","0.615916","0.5020179999999999","0.5117999999999997","0.44100600000000023","0.45471999999999996","0.3801679999999999"
