"points","all_attributes","x1_x2","x1_x3","x1_x4","x1_x5","x2_x3","x2_x4","x2_x5","x3_x4","x3_x5","x4_x5"
"399999","0.02900757251893158","0.005492513731284329","0.005122512806282018","0.007800019500048749","0.00578251445628614","0.00647501618754047","0.0075300188250470804","0.006955017387543472","0.008050020125050317","0.008102520256300642","0.008632521581303954"
"799998","0.4740136850342168","0.3543808859522149","0.3436208590521475","0.3285483213708035","0.3339558348895869","0.3085632714081784","0.25142562856407147","0.25651314128285324","0.22089305223263042","0.22617806544516358","0.18810297025742564"
"1199997","0.47355368388421554","0.35196837992094976","0.34351085877714704","0.3270583176457941","0.3333658334145836","0.30854577136442846","0.25185562963907404","0.2553781384453462","0.22137055342638345","0.2287605719014298","0.19252298130745324"
"1599996","0.0482276205690517","0.007982519956299894","0.009717524293810731","0.009500023750059369","0.007585018962547397","0.008975022437556091","0.009315023287558214","0.009532523831309576","0.010135025337563344","0.008285020712551787","0.009310023275058192"
