"points","all_attributes","x1_x2","x1_x3","x1_x4","x1_x5","x2_x3","x2_x4","x2_x5","x3_x4","x3_x5","x4_x5"
"666666","0.4735219735219768","0.35338685338685333","0.343008343008343","0.32833232833232834","0.3338148338148338","0.30717930717930736","0.250896250896251","0.2554607554607554","0.22007122007122001","0.22656922656922662","0.1887076887076887"
"1333332","0.47363897363897617","0.3541368541368541","0.3443178443178442","0.32843732843732854","0.3343578343578344","0.30851280851280843","0.2514767514767515","0.2563442563442563","0.22067722067722062","0.22824622824622828","0.19069969069969067"
