"points","all_attributes","x1_x2_x3","x1_x2_x4","x1_x2_x5","x1_x3_x4","x1_x3_x5","x1_x4_x5","x2_x3_x4","x2_x3_x5","x2_x4_x5","x3_x4_x5"
"399999","0.02900757251893158","0.01017002542506358","0.012560031400078511","0.011830029575073963","0.012680031700079246","0.012300030750076903","0.014025035062587683","0.013032532581331469","0.013942534856337153","0.015452538631346598","0.016220040550101393"
"799998","0.4740136850342168","0.4006260015650044","0.38720096800242015","0.375820939552349","0.37312593281483203","0.3659009147522872","0.3534558836397094","0.36176590441476125","0.34594836487091224","0.30951577378943423","0.28364070910177286"
"1199997","0.47355368388421554","0.40150100375250913","0.38600846502116193","0.37388843472108646","0.37217593043982605","0.3660459151147877","0.3536708841772104","0.3617359043397609","0.34612336530841364","0.3091732729331826","0.2850157125392815"
"1599996","0.0482276205690517","0.016555041387603452","0.016387540968852407","0.017020042550106373","0.01839004597511495","0.017750044375110928","0.018267545668864193","0.019592548981372457","0.019177547943869853","0.02013505033762587","0.021207553018882566"
