"points","all_attributes","x1_x2_x3","x1_x2_x4","x1_x2_x5","x1_x3_x4","x1_x3_x5","x1_x4_x5","x2_x3_x4","x2_x3_x5","x2_x4_x5","x3_x4_x5"
"666666","0.4735219735219768","0.40016290016290046","0.3856128856128859","0.3746838746838745","0.372192372192372","0.36527136527136483","0.35322785322785377","0.36088386088386115","0.3448293448293454","0.30876780876780935","0.28358728358728325"
"1333332","0.47363897363897617","0.40182490182490216","0.38718788718788677","0.3753438753438754","0.3725883725883727","0.36654486654486657","0.3540558540558539","0.3608928608928608","0.3458133458133459","0.3092793092793093","0.2830772830772827"
