"points","all_attributes","x1","x2","x3","x4","x5"
"666666","0.4735219735219768","0.32165732165732175","0.21388821388821386","0.175015675015675","0.12153312153312155","0.1568986568986569"
"1333332","0.47363897363897617","0.3213033213033212","0.21473721473721474","0.175972675972676","0.12361962361962363","0.158970158970159"
