"points","all_attributes","x1_x2","x1_x3","x1_x4","x1_x5","x2_x3","x2_x4","x2_x5","x3_x4","x3_x5","x4_x5"
"222221","0.04001872010296099","0.009805553930546619","0.009270050985280418","0.011646064053352303","0.009139550267526471","0.00931955125753192","0.014755581155696343","0.009310551208031651","0.012325567790622848","0.010368057024313638","0.012667569671633192"
"444442","0.038367211019661084","0.009531052420788316","0.009562552594039259","0.011007060538832965","0.009283551059530819","0.009567052618789403","0.01074605910332507","0.009900054450299482","0.011119561157586364","0.011277062023841126","0.012289567592621755"
"666663","0.037998208990149815","0.006997538486461666","0.008527546901507962","0.008734548040014212","0.00918005049027769","0.008554547050008776","0.009459052024786136","0.009202550614028374","0.011515563335598344","0.011673064201853102","0.010219556207559138"
"888884","0.4745861102236019","0.35396294679620743","0.34407189239540836","0.3289923094577021","0.3353553444543945","0.3078601932310627","0.2512858820723514","0.2563304098172541","0.22173421953820743","0.22759325176288467","0.19134105237578802"
"1111105","0.47383460609032957","0.35238343810890965","0.34307738692562806","0.3261707939393668","0.3321063265847963","0.30853519694358317","0.2516998843493639","0.2548724017982099","0.22130221716219442","0.22874525809891955","0.18855103703070367"
"1333326","0.06558786073323453","0.012087066478865632","0.012163566899617947","0.010575058162819895","0.012172566949118217","0.013126572196147082","0.013104072072396392","0.013945576700671852","0.013891576403670216","0.013036571701144355","0.013050071775394762"
"1555547","0.06390485147668352","0.011790064845356643","0.012865570760639194","0.011416562791095347","0.01093956016758091","0.012114066627366452","0.011992565959112779","0.011929565612610873","0.014350578928184116","0.012856570711138913","0.012186067023368635"
"1777768","0.06536285949572757","0.011070060885334874","0.01125006187534032","0.011218561702089359","0.012132066726366995","0.011191561553588544","0.011691064300853645","0.013113072121896682","0.011880065340359361","0.012307567691622305","0.013266072963401295"
