"points","all_attributes","x1_x2_x3","x1_x2_x4","x1_x2_x5","x1_x3_x4","x1_x3_x5","x1_x4_x5","x2_x3_x4","x2_x3_x5","x2_x4_x5","x3_x4_x5"
"500000","0.025415999999999998","0.009793999999999995","0.011094000000000003","0.010945999999999996","0.010902","0.011586000000000004","0.012398000000000015","0.011804000000000005","0.012965999999999995","0.013310000000000002","0.014246000000000002"
"1000000","0.9462759999999982","0.8014339999999999","0.7725820000000005","0.7494059999999997","0.7452500000000004","0.7315520000000001","0.7063140000000001","0.7223100000000005","0.6912799999999999","0.6182839999999991","0.5678400000000001"
