"points","all_attributes","x1","x2","x3","x4","x5"
"500000","0.025415999999999998","0.0023719999999999865","0.003541999999999991","0.0036580000000000067","0.0031380000000000045","0.0034979999999999985"
"1000000","0.9462759999999982","0.6422319999999999","0.4268640000000001","0.35215199999999997","0.244524","0.31587200000000004"
