"points","all_attributes","x1","x2","x3","x4","x5"
"399999","0.02900757251893158","0.0025575063937659753","0.0033100082750206813","0.0032075080187700454","0.003635009087522717","0.0030175075437688667"
"799998","0.4740136850342168","0.32203330508326267","0.21478053695134236","0.17626544066360167","0.12230780576951443","0.15752789381973453"
"1199997","0.47355368388421554","0.3194907987269967","0.2128305320763302","0.17611044027610068","0.12283030707576768","0.1587478968697422"
"1599996","0.0482276205690517","0.004017510043775109","0.004245010612526525","0.004185010462526154","0.005157512893782239","0.003372508431271083"
