"points","all_attributes","x1","x2","x3","x4","x5"
"222221","0.04001872010296099","0.005184028512156805","0.005697031333672364","0.004792526358894986","0.007708542396983192","0.0042615234383789"
"444442","0.038367211019661084","0.004801526408395242","0.005296529130910238","0.0058365321009265616","0.006201034105687581","0.004720525962892786"
"666663","0.037998208990149815","0.004365024007632041","0.003537019453606998","0.005373029551662537","0.004099522547374014","0.0052920291061600904"
"888884","0.4745861102236019","0.32271027490651194","0.21482668154674853","0.17722897475936114","0.12368768028224154","0.15846837157604368"
"1111105","0.47383460609032957","0.3189752543638989","0.21300867154769346","0.17584746716106944","0.12074916412040268","0.15679436236899305"
"1333326","0.06558786073323453","0.0061785339819369","0.007555541555478549","0.0063765350709429","0.004972527348900415","0.006187534031437181"
"1555547","0.06390485147668352","0.00522452873490804","0.005184028512156811","0.007357540466472572","0.005782531803924913","0.004864526754897153"
"1777768","0.06536285949572757","0.0040860224731236044","0.004756526160893875","0.00489602692814812","0.005220028710157899","0.006115533635435006"
