"points","all_attributes","x1","x2","x3","x4","x5"
"399999","0.028869745042741004","0.0018035129727284433","0.003164119613538343","0.003036341240769357","0.0033728025641800814","0.002515383491909568"
"799998","0.45821491960517613","0.29008136854988664","0.1758773001398764","0.15283188093192698","0.06090308853416417","0.10010646895139136"
"1199997","0.4604484046420625","0.29519418425772315","0.18247739880129077","0.15184463537871057","0.0647843960784939","0.10118888933200623"
"1599996","0.0482051948906664","0.003941394663350672","0.0040496335993651135","0.004028021511729688","0.005004617683730671","0.002998742049520026"
