"points","all_attributes","x1","x2","x3","x4","x5"
"500000","0.02526307511068452","0.001713546807054725","0.003174479334466956","0.0030603246228994544","0.002522478525837409","0.0032928899320020665"
"1000000","0.9466001811719784","0.6045033157146055","0.36935016618948224","0.31243301868765033","0.12864563106766377","0.2077901801239157"
