"points","all_attributes","x1","x2","x3","x4","x5"
"666666","0.45747204101871985","0.2896296090270201","0.176345069525988","0.15187953502858628","0.061766108319040974","0.10086196054528038"
"1333332","0.46033653053341705","0.2968696146902395","0.18268898972448752","0.15178778879522814","0.06464058089888275","0.10025572870567899"
