"points","all_attributes","x1_x2","x1_x3","x1_x4","x1_x5","x2_x3","x2_x4","x2_x5","x3_x4","x3_x5","x4_x5"
"399999","0.028869745042741004","0.005209176682269602","0.004833922587657915","0.0075447828487107535","0.005458350360660012","0.006262294431580697","0.007361795712754974","0.006816228932283012","0.0077031265064801905","0.007887460628590814","0.008398389865712393"
"799998","0.45821491960517613","0.3352918233834436","0.3224195058809967","0.3038218597851378","0.3087621479838964","0.2903495702204411","0.22553900995513596","0.23753550615300356","0.20009625820568025","0.21178701421262888","0.152695168304305"
"1199997","0.4604484046420625","0.3398697553828444","0.32684041662538355","0.30812024059618875","0.31485840384130825","0.2931754883600288","0.2267779281328533","0.23906351742001644","0.19604321691760673","0.2091257106471385","0.15204366407853043"
"1599996","0.0482051948906664","0.007907313508836446","0.00952361847874301","0.009306283861276554","0.0076121365495002875","0.00889573145967069","0.0092603354681364","0.009487260360076282","0.010072342505044532","0.008157102768768137","0.009389530005445745"
