"points","all_attributes","x1_x2_x3","x1_x2_x4","x1_x2_x5","x1_x3_x4","x1_x3_x5","x1_x4_x5","x2_x3_x4","x2_x3_x5","x2_x4_x5","x3_x4_x5"
"399999","0.028869745042741004","0.01004457560368446","0.012350910052716156","0.011661166122445733","0.012451575820694886","0.012120359625013732","0.013818450487876725","0.012807307284925927","0.013686236956820067","0.015251564379082688","0.016116875604878865"
"799998","0.45821491960517613","0.38597253612672044","0.37033773236796236","0.36048516886581816","0.35446708710342684","0.348521636108764","0.3319807713975721","0.3454791459031827","0.3284395901807425","0.28915799657362223","0.2667533252373178"
"1199997","0.4604484046420625","0.39207058488929547","0.3741080601849371","0.3647058488347671","0.35671166711492797","0.3531097655185911","0.3358261500243477","0.3475529447578334","0.3318326493905119","0.2863699622824209","0.26199501711039463"
"1599996","0.0482051948906664","0.016431473259389495","0.01628382784744527","0.01700264480452744","0.018370003476043992","0.017619705335864596","0.01835555635764438","0.019540295489797625","0.01922718047645662","0.02012261550077277","0.021228693409849137"
