"points","all_attributes","x1_x2","x1_x3","x1_x4","x1_x5","x2_x3","x2_x4","x2_x5","x3_x4","x3_x5","x4_x5"
"500000","0.02526307511068452","0.005739920575967805","0.004652675388581332","0.00558155028298394","0.0057690069884555","0.006463696257793564","0.0066477581153232355","0.006509189482021658","0.006505794570782879","0.007498940763477589","0.006866525512717744"
"1000000","0.9466001811719784","0.6973321202441288","0.6709538611020438","0.6309996685355888","0.6449420154381657","0.6018535424349452","0.4652346934017568","0.4917113996233409","0.4064267345938666","0.43458886308421757","0.31288551559464106"
