"points","all_attributes","x1_x2","x1_x3","x1_x4","x1_x5","x2_x3","x2_x4","x2_x5","x3_x4","x3_x5","x4_x5"
"222221","0.03995069466262816","0.00966081449589949","0.009267518899728301","0.011561927625402462","0.009004029014068963","0.009149005231788673","0.014868153985615896","0.009113557362736894","0.012301897455487135","0.01033345238571818","0.01267509035362322"
"444442","0.03839801264718892","0.009527723673895856","0.009409724462347982","0.010912550196736386","0.009326554679797847","0.009712344002730189","0.010652348704628415","0.009927210260727948","0.011036639395341956","0.01125629425888576","0.012069165109168382"
"666663","0.037877046539323236","0.0069423987924557996","0.008626998115759604","0.008610469256498148","0.009327481170974561","0.008619867495250432","0.009467866544103132","0.009205204402749035","0.011457261824632988","0.01166187783240368","0.010157583958503792"
"888884","0.45862684075425075","0.3347061829399462","0.32262943248379744","0.30368362676476496","0.3093518689816282","0.28889071478679357","0.22430451243601257","0.23644909796046137","0.1990835625249285","0.21052215211974906","0.15394226273401154"
"1111105","0.46070844614391393","0.3398990278122168","0.32660212159255103","0.30792224482936864","0.3142301570066682","0.2949896412159132","0.2262473707043477","0.23807169375788034","0.1977515490574483","0.21065776068567071","0.15070645542712277"
"1333326","0.06560418307790242","0.011594983278889871","0.011958673641223575","0.01018078771247798","0.011878465477572995","0.01284606929467792","0.013013463053838905","0.013625795042146047","0.013537977264033779","0.013040631190068949","0.01268760390700362"
"1555547","0.06393570921689551","0.011744395304758003","0.012658961977859939","0.01139241391588791","0.01081855562521098","0.012171290950979935","0.011734364417855636","0.011761349596703413","0.014363525314609778","0.012710332927462702","0.012084085010332549"
"1777768","0.06536268048833488","0.011226695476059218","0.01108443368966429","0.011197499999180063","0.012054279568358677","0.011131209557492699","0.011594412335708052","0.013016304255877211","0.011789090664311028","0.012113129934881811","0.013222024316465285"
