"points","all_attributes","x1_x2_x3","x1_x2_x4","x1_x2_x5","x1_x3_x4","x1_x3_x5","x1_x4_x5","x2_x3_x4","x2_x3_x5","x2_x4_x5","x3_x4_x5"
"666666","0.45747204101871985","0.3851172277715565","0.369296143697297","0.35969861881951104","0.35363777182574496","0.3479237211137872","0.33165605003638665","0.34420631853848727","0.3279803503495605","0.2877073836379744","0.26690430973114027"
"1333332","0.46033653053341705","0.3926519013001159","0.37533021052804055","0.36548891188545307","0.3569778694307323","0.3532688609906148","0.33602943855561346","0.3469295732151854","0.33099564418388383","0.2875463692233097","0.25998681839951976"
