"points","all_attributes","x1_x2_x3","x1_x2_x4","x1_x2_x5","x1_x3_x4","x1_x3_x5","x1_x4_x5","x2_x3_x4","x2_x3_x5","x2_x4_x5","x3_x4_x5"
"222221","0.03995069466262816","0.015409229227047938","0.020104498161391378","0.016148055036718584","0.019356296149465567","0.016570878735039055","0.019707957174875706","0.020012518580911843","0.0176298282323833","0.023470860067235727","0.022823687044815757"
"444442","0.03839801264718892","0.014998508564270372","0.017091479223138188","0.01686180597109896","0.017751271855930825","0.017065519813349375","0.019544197423103052","0.017310808910687273","0.018190239058251588","0.02153505790176602","0.022782582617924537"
"666663","0.037877046539323236","0.013247120000172714","0.01621789154279754","0.015734951495358016","0.018042043555178255","0.01722929067256146","0.017884435651778826","0.017534110923183525","0.017692016938351155","0.01866522735331964","0.022082251844213426"
"888884","0.45862684075425075","0.38536026252177114","0.36997817625704454","0.3603288605867341","0.3535989977327873","0.3489316105696728","0.3320371513388535","0.34542181815989403","0.3271229802199402","0.288652359909466","0.2678612358990729"
"1111105","0.46070844614391393","0.39146280835590086","0.3741447542458778","0.3647875749568357","0.3576334718168767","0.35315770324862644","0.33553722852708273","0.3486593871651087","0.33303573978975165","0.2856933597975107","0.26313498629737736"
"1333326","0.06560418307790242","0.022386858642116574","0.02301901976421796","0.02408467982507711","0.02396994024531033","0.024826196792351693","0.024406315947822464","0.026421546462439122","0.02863181649331937","0.028948878358954308","0.02908693847380761"
"1555547","0.06393570921689551","0.0223813057633068","0.02203654140512215","0.023739694970514397","0.025010493626504267","0.02418964739985089","0.023860959873303986","0.02596717253474263","0.025408613494827672","0.027621277272918708","0.028670836121162828"
"1777768","0.06536268048833488","0.020782224524758718","0.0229923814097117","0.023800342149586554","0.023449173250561662","0.023842918815346226","0.025232976890291678","0.02490620970356534","0.026889384908274774","0.02655746854184929","0.02800185817426138"
