"points","all_attributes","x1_x2_x3","x1_x2_x4","x1_x2_x5","x1_x3_x4","x1_x3_x5","x1_x4_x5","x2_x3_x4","x2_x3_x5","x2_x4_x5","x3_x4_x5"
"500000","0.02526307511068452","0.009526119258565334","0.010784793787041603","0.010857086635658496","0.01056374981697092","0.011472649990402288","0.012186297385203252","0.01146252426315482","0.012687465185398525","0.013144337631270344","0.014051787449834173"
"1000000","0.9466001811719784","0.8032849309162369","0.7678881954556185","0.7486470391713762","0.7342279457345691","0.7247855695087634","0.688350919001637","0.7140197634652343","0.6805161706286741","0.5924044818725187","0.5444698022688903"
