"points","all_attributes","x1","x2","x3","x4","x5"
"222221","0.03995069466262816","0.004815187815725329","0.005351472459092631","0.0048195223319287585","0.007561588462234591","0.004029153629221894"
"444442","0.03839801264718892","0.004990500080210715","0.005588646236637624","0.0056635587876931225","0.005874924314148242","0.004594120505222696"
"666663","0.037877046539323236","0.004166851129129417","0.0035582356605811404","0.005574793130550189","0.0035763867342283144","0.004788597466544965"
"888884","0.45862684075425075","0.2900046262602013","0.17479180437550523","0.15045548032173683","0.06135554106880789","0.10012509634158424"
"1111105","0.46070844614391393","0.2941871307943753","0.181910097718522","0.15336454779195083","0.06399085093160958","0.09937619718410545"
"1333326","0.06560418307790242","0.005161440028068435","0.007043632964217775","0.006199096399318298","0.0049380967382116475","0.006128155768702237"
"1555547","0.06393570921689551","0.0051364719316104295","0.005288115198778875","0.006972869897282592","0.005430386292759955","0.00464690338916197"
"1777768","0.06536268048833488","0.004131051335281715","0.0043834734190670915","0.004670654489417359","0.004759926995026071","0.006021302898545974"
