"points","all_attributes","x1_x2","x1_x3","x1_x4","x1_x5","x2_x3","x2_x4","x2_x5","x3_x4","x3_x5","x4_x5"
"666666","0.45747204101871985","0.33417554482180983","0.32205675061518696","0.3030267622663671","0.3086893350637207","0.2890985737317932","0.22484200894371456","0.23675622085591064","0.19957178660449776","0.21177031811658661","0.15372257718607876"
"1333332","0.46033653053341705","0.342014978666405","0.32746017919130926","0.30884464984672205","0.31588887930739923","0.2931439217113512","0.2266583994512762","0.23948968900630677","0.1948022596531125","0.20945380162715627","0.1498195267831456"
