"points","all_attributes","x1_x2","x1_x3","x1_x4","x1_x5","x2_x3","x2_x4","x2_x5","x3_x4","x3_x5","x4_x5"
"399999","3.250008125020302E-4","0.0043485554649291425","0.0039335455165592","0.005936675943404346","0.004561179936113154","0.005250141349640292","0.006301195386569633","0.005587236988235694","0.0062944274362858885","0.0067935961366423665","0.007980886004755244"
"799998","0.266594312062321","0.20059773425671976","0.19354903556481692","0.18357331795118295","0.16247607355196164","0.16582486939344365","0.17630405959414866","0.15470585904304918","0.16091576486922046","0.14949364110254054","0.14529921067754095"
"1199997","0.31669996469783424","0.19542246138586103","0.188542224719979","0.17316307367720413","0.1527241511770672","0.17865093671989524","0.18013847520711512","0.1521737914731155","0.15996856127724704","0.14845986124962485","0.14588032544148824"
"1599996","0.0","0.0054079331628123185","0.008515242023122586","0.006899188434474707","0.006780029236822583","0.008102327581009802","0.007540102035700224","0.008576292917385268","0.008961612667054916","0.007079592712391305","0.008422552325381265"
