"points","all_attributes","x1","x2","x3","x4","x5"
"666666","0.26746931552496417","0.1583407071491031","0.14397733197340074","0.1290845054913799","0.12064648597387691","0.1133965640809057"
"1333332","0.31667802358169067","0.1499633819501004","0.14617763741066997","0.1284268325063118","0.1232619102009808","0.11432418129547045"
