"points","all_attributes","x1_x2_x3","x1_x2_x4","x1_x2_x5","x1_x3_x4","x1_x3_x5","x1_x4_x5","x2_x3_x4","x2_x3_x5","x2_x4_x5","x3_x4_x5"
"399999","3.250008125020302E-4","0.006550894569027728","0.008901084711168702","0.008645827001666025","0.008766053735120054","0.009117361354170796","0.01068984898897434","0.009549620407578454","0.011058925701709455","0.012421403877520746","0.0136251330758012"
"799998","0.266594312062321","0.219820622171671","0.23628377513301188","0.22038277399866069","0.22283743648822704","0.2130171028566388","0.21241589458691068","0.2177878395544246","0.1976407139658419","0.20909296201972186","0.2001200848080243"
"1199997","0.31669996469783424","0.2456265528798798","0.23103796996224873","0.21443575920320457","0.22233607054511068","0.21021607422036465","0.20980768758680238","0.2345586384671786","0.20921883009762898","0.21411092189581615","0.20191494478290997"
"1599996","0.0","0.01066251562193919","0.011197033158223875","0.012180139147069901","0.013777391778565948","0.014583431622273426","0.014883256187875999","0.01612542549648141","0.01682464646419351","0.017643057865876107","0.018974564255712673"
