"points","all_attributes","x1_x2_x3","x1_x2_x4","x1_x2_x5","x1_x3_x4","x1_x3_x5","x1_x4_x5","x2_x3_x4","x2_x3_x5","x2_x4_x5","x3_x4_x5"
"500000","2.3850000000000086E-4","0.005728559912326584","0.007895975637702729","0.0078024973872068","0.0072524932232340645","0.007558077018223331","0.008967479318675614","0.009252790506096346","0.010129802337333616","0.010595551792605108","0.011414414729736545"
"1000000","0.813184607843138","0.5943839200331408","0.5671104903078347","0.5302984357230127","0.5381208956380581","0.5110665743325091","0.49421832229760293","0.5357396953324696","0.4832707014410085","0.4708446109270257","0.44370990128143106"
