"points","all_attributes","x1_x2","x1_x3","x1_x4","x1_x5","x2_x3","x2_x4","x2_x5","x3_x4","x3_x5","x4_x5"
"666666","0.26746931552496417","0.19973549764137388","0.19260187137013635","0.18303182865852147","0.16138815436531342","0.16606284610830382","0.17658753727804713","0.1537451292008997","0.16095505520285053","0.15106345741358682","0.1454324904736748"
"1333332","0.31667802358169067","0.19554053399567012","0.18876882420799312","0.1738065221516388","0.1517793748760261","0.17796412227642314","0.1795876481657788","0.1516242268811962","0.15879805168466396","0.14736714780277635","0.14529115693416628"
