"points","all_attributes","x1_x2","x1_x3","x1_x4","x1_x5","x2_x3","x2_x4","x2_x5","x3_x4","x3_x5","x4_x5"
"222221","6.873787805832941E-4","0.006294418515109843","0.00686538307643472","0.008659474522167712","0.007354077781101815","0.007263354088107148","0.010918135178217828","0.008026007022728486","0.009699983229590056","0.008755294780294244","0.009827784582461047"
"444442","5.883782360802992E-4","0.005580390122680412","0.00690994253864236","0.008390839398908029","0.006634913045650645","0.006921976993239003","0.008683378265867741","0.007483712812713705","0.009298076625171264","0.00957667164804226","0.010251783100563818"
"666663","6.941288177084983E-4","0.004514614081032793","0.006035079783168538","0.006472597462366826","0.006659530079935904","0.007576796307365792","0.00743570817999758","0.008344928761614282","0.010216462595296247","0.010264602527640429","0.009225241155251883"
"888884","0.2646514147837829","0.19929383413619636","0.1953228391641095","0.18321927861148926","0.16138122353756712","0.16743926578050353","0.17763618691155203","0.15363401599904966","0.16207922288128992","0.1506385390643258","0.1480272400280791"
"1111105","0.3163377171977649","0.19609377037075978","0.1872738989999486","0.17289880442531938","0.15168062202119703","0.17851497259912014","0.1791824838764004","0.1519576456751664","0.15964335263188026","0.14806291004078292","0.1438139744312067"
"1333326","0.0","0.0085316226109775","0.009740788750432628","0.008701495912325705","0.009311303634788897","0.011683427867266609","0.010817778447512985","0.011656917108156748","0.012878431721557972","0.012004323608291189","0.011201007170018809"
"1555547","0.0","0.007941523920358863","0.010746836371305583","0.008774242101763289","0.009564549092371893","0.011137662396361988","0.010202041082240985","0.010373719208494187","0.013005121066319573","0.011514836391539659","0.011606896794668024"
"1777768","0.0","0.007327227502366382","0.008891000633200516","0.008921911737578898","0.008771783862672224","0.010205282255483561","0.010756654166542767","0.011618999350397207","0.011003771875949675","0.010958649383359874","0.011435752353759107"
