"points","all_attributes","x1_x2","x1_x3","x1_x4","x1_x5","x2_x3","x2_x4","x2_x5","x3_x4","x3_x5","x4_x5"
"500000","2.3850000000000086E-4","0.0038723238131285046","0.00361583620257212","0.004728782439797664","0.004746343778310709","0.005823792983502621","0.006147442132870505","0.006073325295399388","0.0060311182611474026","0.006149510536424292","0.006188848808152251"
"1000000","0.813184607843138","0.4677159967350474","0.44803845826188204","0.3982701210975656","0.3620376693248103","0.4003333012603929","0.3802407404637159","0.3420779685592339","0.34159706447136956","0.32505008701268095","0.3062879683364989"
