"points","all_attributes","x1","x2","x3","x4","x5"
"222221","6.873787805832941E-4","0.0041142383098546065","0.004881233562786284","0.004501110981935801","0.0058850792887789","0.003481789133372211"
"444442","5.883782360802992E-4","0.0036571353161960122","0.005139959452614631","0.004916908627429348","0.005608745674784646","0.00398791481434369"
"666663","6.941288177084983E-4","0.002811099748444534","0.0033939717372531335","0.004905622555413318","0.0034470003462548334","0.004746584621767236"
"888884","0.2646514147837829","0.15845652346823993","0.14391294152725145","0.13087632336415886","0.12270228223590733","0.11621265173552137"
"1111105","0.3163377171977649","0.1504099519690988","0.14484854890073542","0.12731325885024514","0.12073089797068504","0.11217852687423464"
"1333326","0.0","0.004668071000156273","0.00740675417652602","0.005938840895991258","0.004699541769594452","0.005685208470849905"
"1555547","0.0","0.004619090023529953","0.005128442993688351","0.00678163850501368","0.005283972970660108","0.00498192086727125"
"1777768","0.0","0.0031982365325840477","0.0041273017760599775","0.004980225066802856","0.004994072174946164","0.005343441652361255"
