"points","all_attributes","x1","x2","x3","x4","x5"
"399999","3.250008125020302E-4","0.0022525554187371394","0.002555125535260077","0.0032970279778321947","0.003286648377967019","0.0027658975730011693"
"799998","0.266594312062321","0.1584529621113083","0.1432314102350714","0.12971503632147519","0.12111840428899177","0.11430319321174977"
"1199997","0.31669996469783424","0.15059292857336415","0.14639514234229026","0.12900464872353806","0.1227253389361225","0.11348867427805126"
"1599996","0.0","0.0031768919422157887","0.0038344938824618016","0.003598847619312655","0.004043729424761411","0.0030069230969623994"
