"points","all_attributes","x1_x2_x3","x1_x2_x4","x1_x2_x5","x1_x3_x4","x1_x3_x5","x1_x4_x5","x2_x3_x4","x2_x3_x5","x2_x4_x5","x3_x4_x5"
"666666","0.26746931552496417","0.22038741169627957","0.23478811620149023","0.21957752262524746","0.2212588155254292","0.21283877679878432","0.21103694373619186","0.21772445319955738","0.19755665399418018","0.20837170154797","0.20105960359889682"
"1333332","0.31667802358169067","0.24320422831921804","0.23172160012472645","0.21372242934840224","0.2217659962979864","0.20827066509796993","0.20941322938164658","0.2323218161780242","0.2065946697218911","0.21294128862786785","0.19921735919658834"
