"points","all_attributes","x1","x2","x3","x4","x5"
"500000","2.3850000000000086E-4","0.0018113033922544947","0.00333999924737183","0.0033422783265516618","0.0028327585406374644","0.0029923654236511843"
"1000000","0.813184607843138","0.3420096469018111","0.3075194177330309","0.26999304547323627","0.2439004325983963","0.23938814149101564"
