"points","all_attributes","x1_x2_x3","x1_x2_x4","x1_x2_x5","x1_x3_x4","x1_x3_x5","x1_x4_x5","x2_x3_x4","x2_x3_x5","x2_x4_x5","x3_x4_x5"
"222221","6.873787805832941E-4","0.008579531468728405","0.0123377373840346","0.010739996339087784","0.01244590090928126","0.012338340789403547","0.013993739749883322","0.013140557943847163","0.014187973412454973","0.018003752037600164","0.017170354118043265"
"444442","5.883782360802992E-4","0.008710512651599495","0.010690062006468928","0.011093878510784272","0.012764977577567702","0.013052530716063451","0.014103613910540472","0.011818122441925009","0.013898226549143664","0.01679890443749775","0.018735489746804"
"666663","6.941288177084983E-4","0.008273589535343379","0.010320100282081161","0.011368674339878775","0.012433694374863368","0.01138663713627925","0.013742671350446682","0.012722544402465816","0.014279293548584862","0.01640426424448728","0.018159178092082996"
"888884","0.2646514147837829","0.22387826787128384","0.23646733416259622","0.2206134900156941","0.2233023535612642","0.21329290831822756","0.21266457741427028","0.2215743119679521","0.19870192803672104","0.21066417589165912","0.20040324806526807"
"1111105","0.3163377171977649","0.24555170602812862","0.23350350529088326","0.21545368592548084","0.22383871956705254","0.21186441023496283","0.21107953262465426","0.2376489816664145","0.21227967464894634","0.21558937103195924","0.20256704707765036"
"1333326","0.0","0.013509772624664476","0.01639006574249881","0.01713165225318351","0.019172844485375273","0.01967951971264433","0.019422770843462424","0.022293488022368604","0.024518576504091952","0.023734995101964536","0.025536008721340143"
"1555547","0.0","0.01512028285851176","0.014834818970052255","0.017764500982300733","0.01829824739003802","0.019479568388878234","0.02040057708784464","0.022320250971122012","0.02290817763438102","0.02431758976074523","0.025843551495994144"
"1777768","0.0","0.012818984134658673","0.01606838639630865","0.01681698325547493","0.018064161634858307","0.018054400678764293","0.019342212558117515","0.021642627414346655","0.023487078618913748","0.023416988141214894","0.02473049699781336"
